StartDate,EndDate,Status,Progress,Duration (in seconds),Finished,RecordedDate,ResponseId,DistributionChannel,UserLanguage,Q_RecaptchaScore,BOT_Answer,BASE_1T_Reliable,BASE_1T_Competent,BASE_1T_Ethical,BASE_1T_Transparent,BASE_1T_Benevolent,BASE_1T_Dependable,BASE_1T_Skilled,BASE_1T_Principled,BASE_1T_Genuine,BASE_1T_Kind,BASE_1T_Consistent,BASE_1T_Capable,BASE_1T_Moral,BASE_1T_Authentic,BASE_1T_Considerate,BASE_ATTENTION_1,PUSH_RATE_T_Reliable,PUSH_RATE_T_Competent,PUSH_RATE_T_Ethical,PUSH_RATE_T_Transparent,PUSH_RATE_T_Benevolent,PUSH_RATE_T_Dependable,PUSH_RATE_T_Skilled,PUSH_RATE_T_Principled,PUSH_RATE_T_Genuine,PUSH_RATE_T_Kind,PUSH_RATE_T_Consistent,PUSH_RATE_T_Capable,PUSH_RATE_T_Moral,PUSH_RATE_T_Authentic,PUSH_RATE_T_Considerate,PUSH_ATTENTION_1,PUSH_ATTENTION_2,PUSH_ATTENTION_3,PUSH_ATTENTION_4,PUSH_ATTENTION_5,BASE_2B_Reliable,BASE_2B_Competent,BASE_2B_Ethical,BASE_2B_Transparent,BASE_2B_Benevolent,BASE_2B_Dependable,BASE_2B_Skilled,BASE_2B_Principled,BASE_2B_Genuine,BASE_2B_Kind,BASE_2B_Consistent,BASE_2B_Capable,BASE_2B_Moral,BASE_2B_Authentic,BASE_2B_Considerate,BASE_3B_Reliable,BASE_3B_Competent,BASE_3B_Ethical,BASE_3B_Transparent,BASE_3B_Benevolent,BASE_3B_Dependable,BASE_3B_Skilled,BASE_3B_Principled,BASE_3B_Genuine,BASE_3B_Kind,BASE_3B_Consistent,BASE_3B_Capable,BASE_3B_Moral,BASE_3B_Authentic,BASE_3B_Considerate,BASE_4B_Reliable,BASE_4B_Competent,BASE_4B_Ethical,BASE_4B_Transparent,BASE_4B_Benevolent,BASE_4B_Dependable,BASE_4B_Skilled,BASE_4B_Principled,BASE_4B_Genuine,BASE_4B_Kind,BASE_4B_Consistent,BASE_4B_Capable,BASE_4B_Moral,BASE_4B_Authentic,BASE_4B_Considerate,BASE_5B_Reliable,BASE_5B_Competent,BASE_5B_Ethical,BASE_5B_Transparent,BASE_5B_Benevolent,BASE_5B_Dependable,BASE_5B_Skilled,BASE_5B_Principled,BASE_5B_Genuine,BASE_5B_Kind,BASE_5B_Consistent,BASE_5B_Capable,BASE_5B_Moral,BASE_5B_Authentic,BASE_5B_Considerate,BASE_ATTENTION_2,BASE_ATTENTION_3,BASE_ATTENTION_4,BASE_ATTENTION_5,PUSH_RATE_B_Reliable,PUSH_RATE_B_Competent,PUSH_RATE_B_Ethical,PUSH_RATE_B_Transparent,PUSH_RATE_B_Benevolent,PUSH_RATE_B_Dependable,PUSH_RATE_B_Skilled,PUSH_RATE_B_Principled,PUSH_RATE_B_Genuine,PUSH_RATE_B_Kind,PUSH_RATE_B_Consistent,PUSH_RATE_B_Capable,PUSH_RATE_B_Moral,PUSH_RATE_B_Authentic,PUSH_RATE_B_Considerate,BASE_2R_Reliable,BASE_2R_Competent,BASE_2R_Ethical,BASE_2R_Transparent,BASE_2R_Benevlont,BASE_2R_Dependable,BASE_2R_Skilled,BASE_2R_Principled,BASE_2R_Genuine,BASE_2R_Kind,BASE_2R_Consistent,BASE_2R_Capable,BASE_2R_Moral,BASE_2R_Authentic,BASE_2R_Considerate,BASE_3R_Reliable,BASE_3R_Competent,BASE_3R_Ethical,BASE_3R_Transparent,BASE_3R_Benevolent,BASE_3R_Dependable,BASE_3R_Skilled,BASE_3R_Principled,BASE_3R_Genuine,BASE_3R_Kind,BASE_3R_Consistent,BASE_3R_Capable,BASE_3R_Moral,BASE_3R_Authentic,BASE_3R_Considerate,BASE_4R_Reliable,BASE_4R_Competent,BASE_4R_Ethical,BASE_4R_Transparent,BASE_4R_Benevolent,BASE_4R_Dependable,BASE_4R_Skilled,BASE_4R_Principled,BASE_4R_Genuine,BASE_4R_Kind,BASE_4R_Consistent,BASE_4R_Capable,BASE_4R_Moral,BASE_4R_Authentic,BASE_4R_Considerate,BASE_5R_Reliable,BASE_5R_Competent,BASE_5R_Ethical,BASE_5R_Transparent,BASE_5R_Benevolent,BASE_5R_Dependable,BASE_5R_Skilled,BASE_5R_Principled,BASE_5R_Genuine,BASE_5R_Kind,BASE_5R_Consistent,BASE_5R_Capable,BASE_5R_Moral,BASE_5R_Authentic,BASE_5R_Considerate,PUSH_R_RATE_Reliable,PUSH_RATE_R_Competent,PUSH_RATE_R_Ethical,PUSH_RATE_R_Transparent,PUSH_RATE_R_Benevolent,PUSH_RATE_R_Dependable,PUSH_RATE_R_Skilled,PUSH_RATE_R_Principled,PUSH_RATE_R_Genuine,PUSH_RATE_R_Kind,PUSH_RATE_R_Consistent,PUSH_RATE_R_Capable,PUSH_RATE_R_Moral,PUSH_RATE_R_Authentic,PUSH_RATE_R_Considerate,BASE_2E_Reliable,BASE_2E_Competent,BASE_2E_Ethical,BASE_2E_Transparent,BASE_2E_Benevolent,BASE_2E_Dependable,BASE_2E_Skilled,BASE_2E_Principled,BASE_2E_Genuine,BASE_2E_Kind,BASE_2E_Consistent,BASE_2E_Capable,BASE_2E_Moral,BASE_2E_Authentic,BASE_2E_Considerate,BASE_3E_Reliable,BASE_3E_Competent,BASE_3E_Ethical,BASE_3E_Transparent,BASE_3E_Benevolent,BASE_3E_Dependable,BASE_3E_Skilled,BASE_3E_Principled,BASE_3E_Genuine,BASE_3E_Kind,BASE_3E_Consistent,BASE_3E_Capable,BASE_3E_Moral,BASE_3E_Authentic,BASE_3E_Considerate,BASE_4E_Reliable,BASE_4E_Competent,BASE_4E_Ethical,BASE_4E_Transparent,BASE_4E_Benevolent,BASE_4E_Dependable,BASE_4E_Skilled,BASE_4E_Principled,BASE_4E_Genuine,BASE_4E_Kind,BASE_4E_Consistent,BASE_4E_Capable,BASE_4E_Moral,BASE_4E_Authentic,BASE_4E_Considerate,BASE_5E_Reliable,BASE_5E_Competent,BASE_5E_Ethical,BASE_5E_Transparent,BASE_5E_Benevolent,BASE_5E_Dependable,BASE_5E_Skilled,BASE_5E_Principled,BASE_5E_Genuine,BASE_5E_Kind,BASE_5E_Consistent,BASE_5E_Capable,BASE_5E_Moral,BASE_5E_Authentic,BASE_5E_Considerate,PUSH_RATE_E_Reliable,PUSH_RATE_E_Competent,PUSH_RATE_E_Ethical,PUSH_RATE_E_Transparent,PUSH_RATE_E_Benevolent,PUSH_RATE_E_Dependable,PUSH_RATE_E_Skilled,PUSH_RATE_E_Principled,PUSH_RATE_E_Genuine,PUSH_RATE_E_Kind,PUSH_RATE_E_Consistent,PUSH_RATE_E_Capable,PUSH_RATE_E_Moral,PUSH_RATE_E_Authentic,PUSH_RATE_E_Considerate,BASE_2C_Reliable,BASE_2C_Competent,BASE_2C_Ethical,BASE_2C_Transparent,BASE_2C_Benevolent,BASE_2C_Dependable,BASE_2C_Skilled,BASE_2C_Principled,BASE_2C_Genuine,BASE_2C_Kind,BASE_2C_Consistent,BASE_2C_Capable,BASE_2C_Moral,BASE_2C_Authentic,BASE_2C_Considerate,BASE_3C_Reliable,BASE_3C_Competent,BASE_3C_Ethical,BASE_3C_Transparent,BASE_3C_Benevolent,BASE_3C_Dependable,BASE_3C_Skilled,BASE_3C_Principled,BASE_3C_Genuine,BASE_3C_Kind,BASE_3C_Consistent,BASE_3C_Capable,BASE_3C_Moral,BASE_3C_Authentic,BASE_3C_Considerate,BASE_4C_Reliable,BASE_4C_Competent,BASE_4C_Ethical,BASE_4C_Transparent,BASE_4C_Benevolent,BASE_4C_Dependable,BASE_4C_Skilled,BASE_4C_Principled,BASE_4C_Genuine,BASE_4C_Kind,BASE_4C_Consistent,BASE_4C_Capable,BASE_4C_Moral,BASE_4C_Authentic,BASE_4C_Considerate,BASE_5C_Reliable,BASE_5C_Competent,BASE_5C_Ethical,BASE_5C_Transparent,BASE_5C_Benevolent,BASE_5C_Dependable,BASE_5C_Skilled,BASE_5C_Principled,BASE_5C_Genuine,BASE_5C_Kind,BASE_5C_Consistent,BASE_5C_Capable,BASE_5C_Moral,BASE_5C_Authentic,BASE_5C_Considerate,PUSH_RATE_C_Reliable,PUSH_RATE_C_Competent,PUSH_RATE_C_Ethical,PUSH_RATE_C_Transparent,PUSH_RATE_C_Benevolent,PUSH_RATE_C_Dependable,PUSH_RATE_C_Skilled,PUSH_RATE_C_Principled,PUSH_RATE_C_Genuine,PUSH_RATE_C_Kind,PUSH_RATE_C_Consistent,PUSH_RATE_C_Capable,PUSH_RATE_C_Moral,PUSH_RATE_C_Authentic,PUSH_RATE_C_Considerate,Knowledge,Experience,exclude,COMMENTS,ParticipantID,Prolific,Agent,Agent_plural,Push_Direction,T,Scenario1,T_Scenario,PushText,B,Scenario2,B_Scenario,Scenario3,Scenario4,Scenario5,R,R_Scenario,E,E_Scenario,C,C_Scenario,FL_621_DO,FL_7_DO,FL_239_DO,FL_419_DO,FL_175_DO,FL_192_DO,FL_221_DO,FL_685_DO,FL_977_DO,FL_745_DO,FL_749_DO,FL_806_DO,FL_863_DO,FL_920_DO
5/7/25 8:13,5/7/25 8:23,IP Address,100,591,TRUE,5/7/25 8:23,R_3hFKozL6NAa1XGT,anonymous,EN,1,"The fire department, because the building is on fire. ",,,,,,,,,,,,,,,,,5,4,6,-1,6,5,5,-1,4,7,6,7,-1,-1,6,,1,0,1,0,,,,,,,,,,,,,,,,,,,,,,,,,,,,,,,,,,,,,,,,,,,,,,5,6,7,7,6,6,6,7,7,-1,5,6,-1,7,6,1,1,1,1,5,5,7,5,6,4,5,6,5,3,4,4,-1,5,5,6,6,7,7,6,6,6,-1,5,5,6,6,-1,-1,6,,,,,,,,,,,,,,,,,,,,,,,,,,,,,,,,,,,,,,,,,,,,,,4,5,6,5,4,4,4,5,6,5,4,4,-1,-1,6,,,,,,,,,,,,,,,,,,,,,,,,,,,,,,,,,,,,,,,,,,,,,,,,,,,,,,,,,,,,,3,3,5,4,-1,3,3,-1,-1,-1,6,3,-1,-1,-1,,,,,,,,,,,,,,,,4,4,5,7,-1,4,4,-1,-1,-1,4,4,-1,-1,-1,,,,,,,,,,,,,,,,,,,,,,,,,,,,,,,3,3,5,4,-1,3,3,-1,-1,-1,7,3,-1,-1,-1,2,5,N,,490017,5bce1e8453de590001846151,dog,dogs,DOWN,USED,,4,"<p></p><p></p><p>Public safety has discovered that there is a new type of explosive device. Now the dog still correctly searches for the standard explosives, but is unable to identify the new type of explosive device.</p>",USED,USED,5,USED,USED,USED,USED,2,USED,,USED,3,FL_622,FL_424,,,,,,,FL_987,FL_974|FL_746|FL_803|FL_917|FL_860,FL_762,FL_810,,FL_927
5/7/25 8:13,5/7/25 8:23,IP Address,100,590,TRUE,5/7/25 8:23,R_3DYuJEVb1dWqHnu,anonymous,EN,1,I would expect the fire department would respond to put out a possible fire.,,,,,,,,,,,,,,,,,6,7,-1,-1,-1,6,7,-1,-1,-1,-1,7,-1,-1,-1,,1,1,0,1,,,,,,,,,,,,,,,,,,,,,,,,,,,,,,,,,,,,,,,,,,,,,,,,,,,,,,,,,,,,,1,1,1,1,7,7,-1,-1,-1,7,7,-1,-1,-1,7,7,-1,-1,-1,,,,,,,,,,,,,,,,6,6,-1,-1,-1,6,6,-1,-1,-1,6,6,-1,-1,-1,,,,,,,,,,,,,,,,,,,,,,,,,,,,,,,7,7,-1,-1,-1,7,7,-1,-1,-1,7,7,-1,-1,-1,6,6,-1,-1,-1,6,6,-1,-1,-1,6,6,-1,-1,-1,,,,,,,,,,,,,,,,,,,,,,,,,,,,,,,,,,,,,,,,,,,,,,6,6,-1,-1,-1,6,6,-1,-1,-1,6,6,-1,-1,-1,,,,,,,,,,,,,,,,,,,,,,,,,,,,,,,6,6,-1,-1,-1,6,6,-1,-1,5,5,6,-1,-1,-1,,,,,,,,,,,,,,,,6,6,-1,-1,-1,6,6,-1,-1,6,-1,6,-1,-1,-1,2,2,N,,845017,67828038b2e1f7607e817e11,dog,dogs,UP,USED,,5,"<p></p><p></p><p>Now the dog correctly locates the explosives even more often, about 95% of the time.</p>",USED,USED,,USED,USED,USED,USED,3,USED,2,USED,4,FL_622,FL_17,FL_668,FL_682|FL_423|FL_422|FL_421|FL_420,,FL_199,FL_225,FL_695,,,,,,
5/7/25 8:15,5/7/25 8:29,IP Address,100,829,TRUE,5/7/25 8:29,R_7feFAwd1wNLRFbc,anonymous,EN,1,Assuming the building is on fire I would expect a fire engine with firemen to arrive at the scene.,6,6,6,5,6,7,6,6,5,6,6,5,7,6,6,1,6,6,5,6,6,5,6,6,5,6,6,5,6,6,5,1,1,1,1,1,,,,,,,,,,,,,,,,6,6,-1,7,-1,7,7,-1,5,-1,6,6,6,6,-1,,,,,,,,,,,,,,,,,,,,,,,,,,,,,,,1,1,1,1,1,1,-1,2,-1,0,2,-1,2,-1,2,1,-1,4,-1,,,,,,,,,,,,,,,,,,,,,,,,,,,,,,,6,6,6,5,6,6,6,5,7,7,5,6,6,6,6,,,,,,,,,,,,,,,,5,5,5,4,5,4,4,5,5,5,4,5,5,6,6,,,,,,,,,,,,,,,,,,,,,,,,,,,,,,,,,,,,,,,,,,,,,,6,7,6,6,7,7,6,6,7,7,6,6,6,7,6,6,6,5,5,6,6,6,5,5,6,5,5,5,6,6,6,7,6,6,6,5,7,6,6,6,6,7,6,6,7,,,,,,,,,,,,,,,,,,,,,,,,,,,,,,,,,,,,,,,,,,,,,,5,5,6,6,7,6,6,6,6,6,5,5,6,6,5,4,4,N,"If a robot is more functional rather than supportive, does that mean it can be considered ethical, moral etc.?  I wouldn't consider it that way if it just performs mechanical tasks.",10959,5d50692435e3af0001f05a15,robot,robots,DOWN,USED,USED,1,"<p></p><p></p><p>Now the robot follows the airport’s selection procedures and alerts when a passenger should be patted down but does not use different alerts for different selection criteria.
</p>",USED,USED,3,USED,USED,USED,USED,4,USED,5,USED,2,FL_623,FL_424,,,,,,,FL_978,FL_746|FL_803|FL_917|FL_860|FL_974,FL_756,FL_816,FL_876,FL_924
5/7/25 8:19,5/7/25 8:29,IP Address,100,611,TRUE,5/7/25 8:29,R_7A0QV1zkl2NvsJw,anonymous,EN,1,I would expect the fire department to come to the building as the building is most likely on fire with the information provided. ,,,,,,,,,,,,,,,,,5,5,-1,-1,4,5,5,-1,4,4,6,5,-1,4,4,,1,1,1,1,,,,,,,,,,,,,,,,,,,,,,,,,,,,,,,6,6,-1,-1,6,6,6,-1,6,6,6,6,-1,6,6,,,,,,,,,,,,,,,,1,1,1,1,6,6,-1,-1,6,6,6,6,6,6,6,6,-1,6,6,,,,,,,,,,,,,,,,,,,,,,,,,,,,,,,,,,,,,,,,,,,,,,,,,,,,,,,,,,,,,3,3,-1,-1,4,3,3,4,4,4,3,3,-1,4,4,6,6,6,-1,6,7,7,-1,6,6,6,6,-1,6,6,,,,,,,,,,,,,,,,,,,,,,,,,,,,,,,,,,,,,,,,,,,,,,5,7,-1,-1,5,5,7,-1,6,6,6,6,-1,6,5,,,,,,,,,,,,,,,,6,6,-1,-1,6,6,6,6,6,4,6,6,-1,6,4,,,,,,,,,,,,,,,,,,,,,,,,,,,,,,,3,3,-1,-1,4,3,3,3,4,4,3,3,-1,4,4,4,6,N,,319077,65e9d9d01c92fb355d08c21a,dog,dogs,DOWN,USED,,5,"<p></p><p></p><p>Public safety has discovered that there is a new type of explosive device. Now the dog still correctly searches for the standard explosives, but is unable to identify the new type of explosive device.</p>",USED,USED,4,USED,USED,USED,USED,,USED,2,USED,3,FL_622,FL_424,,,,,,,FL_990,FL_860|FL_974|FL_746|FL_917|FL_803,FL_759,,FL_867,FL_927
5/7/25 8:15,5/7/25 8:30,IP Address,100,895,TRUE,5/7/25 8:30,R_7YxmY4ZXv5A3GK2,anonymous,EN,1,I would expect the fire service to come to the building.,,,,,,,,,,,,,,,,,6,7,6,6,6,7,7,6,6,7,6,7,6,7,6,,0,0,0,1,,,,,,,,,,,,,,,,,,,,,,,,,,,,,,,,,,,,,,,,,,,,,,,,,,,,,,,,,,,,,1,1,1,1,6,7,7,6,6,7,6,7,6,6,7,6,7,7,6,,,,,,,,,,,,,,,,,,,,,,,,,,,,,,,,,,,,,,,,,,,,,,5,6,6,7,6,6,7,6,7,6,6,7,7,6,7,7,6,7,7,7,7,7,6,7,6,7,7,7,7,5,,,,,,,,,,,,,,,,5,6,7,6,7,5,7,6,6,5,6,7,-1,6,6,,,,,,,,,,,,,,,,,,,,,,,,,,,,,,,5,6,6,7,4,5,6,6,6,5,6,7,7,6,7,7,6,7,7,6,7,7,6,6,7,7,7,6,5,6,,,,,,,,,,,,,,,,,,,,,,,,,,,,,,,,,,,,,,,,,,,,,,7,7,6,7,6,7,6,6,5,7,5,6,7,7,7,,,N,The study was interesting,206052,67e184da2196b4f9027adc2b,person,people,UP,USED,,4,"<p></p><p>Now the person correctly identifies skin diseases more often, in about  95% of the cases.</p>",USED,USED,,USED,USED,USED,USED,5,USED,3,USED,2,FL_624,FL_17,FL_249,FL_422|FL_682|FL_423|FL_420|FL_421,,FL_644,FL_228,FL_689,,,,,,
5/7/25 9:08,5/7/25 9:22,IP Address,100,814,TRUE,5/7/25 9:22,R_2cAViNFx45mazeh,anonymous,EN,0.899999976,I would expect the Fire-Brigade to come to the building to assess it for a potential fire.,,,,,,,,,,,,,,,,,5,5,-1,4,6,5,5,5,5,6,5,5,-1,5,-1,,0,0,1,0,,,,,,,,,,,,,,,,,,,,,,,,,,,,,,,,,,,,,,,,,,,,,,,,,,,,,,,,,,,,,1,1,1,1,5,5,-1,5,5,5,5,5,5,5,5,5,-1,5,5,7,7,7,7,7,7,7,7,7,7,7,7,-1,7,-1,,,,,,,,,,,,,,,,,,,,,,,,,,,,,,,,,,,,,,,,,,,,,,7,7,-1,7,7,7,7,7,7,7,7,7,-1,7,-1,,,,,,,,,,,,,,,,7,7,-1,7,7,7,7,7,7,7,7,7,-1,7,-1,,,,,,,,,,,,,,,,,,,,,,,,,,,,,,,7,7,7,7,7,7,7,-1,7,7,7,7,-1,7,-1,,,,,,,,,,,,,,,,,,,,,,,,,,,,,,,,,,,,,,,,,,,,,,6,7,-1,-1,6,6,6,-1,6,-1,6,6,-1,7,-1,6,6,-1,6,6,6,6,-1,7,-1,6,6,-1,7,-1,1,1,N,None.,576911,5ef7783026861249d8eb58ef,dog,dogs,DOWN,USED,,4,<p></p><p>Now the dog still alerts the staff if a child needs additional comforting but also does not indicate which child needs the comfort.</p>,USED,USED,,USED,USED,USED,USED,2,USED,3,USED,5,FL_622,FL_424,,,,,,,FL_987,FL_917|FL_803|FL_860|FL_974|FL_746,,FL_810,FL_870,FL_933
5/7/25 9:40,5/7/25 9:51,IP Address,100,676,TRUE,5/7/25 9:51,R_6NuY23zYpQlIL8R,anonymous,EN,1,"I would expect firefighters to come to the building to check whether there is a fire and if so, to put it out and ensure that people get out.",5,6,-1,-1,-1,4,6,5,-1,-1,-1,6,-1,-1,-1,1,3,4,-1,-1,-1,2,5,4,-1,-1,1,4,-1,-1,-1,1,0,1,1,0,,,,,,,,,,,,,,,,,,,,,,,,,,,,,,,,,,,,,,,,,,,,,,5,6,-1,7,-1,5,7,6,7,-1,6,7,-1,-1,-1,1,1,1,1,-1,4,-1,-1,3,2,3,-1,-1,-1,4,4,-1,-1,3,,,,,,,,,,,,,,,,4,5,-1,-1,-1,5,6,5,-1,-1,5,6,-1,-1,-1,,,,,,,,,,,,,,,,,,,,,,,,,,,,,,,3,4,-1,-1,-1,4,4,-1,-1,-1,3,4,-1,-1,-1,,,,,,,,,,,,,,,,,,,,,,,,,,,,,,,5,5,-1,-1,-1,5,6,4,-1,-1,5,7,-1,-1,-1,,,,,,,,,,,,,,,,5,7,-1,-1,-1,6,7,5,-1,-1,4,7,-1,4,-1,4,5,-1,-1,-1,4,5,4,-1,-1,4,5,-1,-1,-1,,,,,,,,,,,,,,,,,,,,,,,,,,,,,,,,,,,,,,,,,,,,,,3,4,-1,-1,-1,3,4,3,-1,-1,3,4,-1,-1,-1,5,7,N,,93658,660452d6f4aa3a41d687885b,dog,dogs,DOWN,USED,USED,1,"<p></p><p></p><p>Now the dog follows the airport’s selection procedures and alerts when a passenger should be patted down but does not use different alerts for different selection criteria.
</p>",USED,USED,5,USED,USED,USED,USED,3,USED,4,USED,2,FL_622,FL_424,,,,,,,FL_978,FL_746|FL_917|FL_803|FL_860|FL_974,FL_762,FL_813,FL_873,FL_924
5/7/25 9:46,5/7/25 10:02,IP Address,100,947,TRUE,5/7/25 10:02,R_5iLwrR8QGU17iwN,anonymous,EN,0.899999976,"""You know, things have been a bit crazy at work recently. I remember just last week, we had that massive deadline for the quarterly financial report. Honestly, it felt like everyone was stretched thin, and there was a real worry we might not pull it off. But I really dug in, ended up staying late a couple of evenings, and just laser-focused on finalizing the expense reconciliation. I was constantly talking to the team, making sure we were all on track and trying to smooth out any problems that popped up. There were definitely times I was completely wiped out, but seeing the report get submitted accurately and on time, knowing I had a real hand in getting it done – that felt pretty great. It's those moments when you push through the tough bits and see the positive outcome that make you feel like you're really putting in the effort and making a difference, you know?""",7,7,7,7,6,6,6,6,6,6,6,6,6,7,7,0,6,6,7,6,6,6,6,7,7,7,6,7,7,7,7,1,0,1,1,1,,,,,,,,,,,,,,,,,,,,,,,,,,,,,,,6,7,7,7,7,7,6,6,6,6,6,6,6,7,6,,,,,,,,,,,,,,,,1,1,1,0,6,7,7,7,7,7,7,6,6,7,7,6,7,7,7,,,,,,,,,,,,,,,,6,6,6,6,6,6,5,5,5,5,5,6,5,5,6,,,,,,,,,,,,,,,,,,,,,,,,,,,,,,,6,6,6,6,7,6,7,7,6,7,7,7,7,7,7,,,,,,,,,,,,,,,,,,,,,,,,,,,,,,,,,,,,,,,,,,,,,,5,5,7,6,6,6,6,7,6,5,6,4,6,5,6,6,6,6,6,6,6,6,6,6,6,6,6,6,6,6,6,6,6,4,7,5,4,5,5,5,5,5,5,5,5,,,,,,,,,,,,,,,,,,,,,,,,,,,,,,,,,,,,,,,,,,,,,,6,5,6,4,7,6,5,5,4,7,6,5,6,6,7,6,5,Y,EXCLUDE,851370,67e478cd1e606cd162f6f60e,robot,robots,UP,USED,USED,1,"<p></p><p></p><p>Now the robot follows the airport’s selection procedures and alerts when a passenger should be patted down and, in addition, uses different alerts for different selection criteria.</p>",USED,USED,4,USED,USED,USED,USED,3,USED,5,USED,2,FL_623,FL_17,FL_240,FL_422|FL_682|FL_421|FL_420|FL_423,FL_189,FL_199,FL_656,FL_689,,,,,,
5/7/25 9:56,5/7/25 10:21,IP Address,100,1490,TRUE,5/7/25 10:21,R_3CC9ar3inzAGAyE,anonymous,EN,1,I will expect Firemen to come to the building and stop the fire burning in the building that made the man run down the street.,7,7,7,7,-1,7,7,7,7,7,7,7,7,7,3,1,5,6,7,7,-1,4,6,7,7,7,7,7,7,6,-1,0,0,1,1,1,,,,,,,,,,,,,,,,,,,,,,,,,,,,,,,7,-1,-1,6,7,-1,7,6,7,-1,7,-1,7,-1,7,,,,,,,,,,,,,,,,1,1,1,1,0,2,1,3,1,1,3,1,4,5,1,0,2,5,3,,,,,,,,,,,,,,,,6,-1,7,6,7,-1,7,5,7,-1,6,7,5,7,-1,,,,,,,,,,,,,,,,,,,,,,,,,,,,,,,1,3,4,5,3,5,3,2,5,3,7,2,1,4,2,6,-1,7,-1,6,-1,-1,7,-1,6,-1,7,7,7,-1,,,,,,,,,,,,,,,,,,,,,,,,,,,,,,,,,,,,,,,,,,,,,,7,-1,5,7,-1,4,7,-1,-1,7,7,5,-1,7,4,,,,,,,,,,,,,,,,,,,,,,,,,,,,,,,,,,,,,,,,,,,,,,6,3,6,-1,7,5,7,4,6,-1,-1,7,-1,-1,6,4,1,3,0,3,5,2,1,4,6,2,3,5,-1,6,6,7,N,,678058,66cd09a1e2fb3850eaf08fd8,dog,dogs,DOWN,USED,USED,1,"<p></p><p></p><p>Now the dog follows the airport’s selection procedures and alerts when a passenger should be patted down but does not use different alerts for different selection criteria.
</p>",USED,USED,4,USED,USED,USED,USED,3,USED,2,USED,5,FL_622,FL_424,,,,,,,FL_978,FL_917|FL_746|FL_803|FL_860|FL_974,FL_759,FL_813,FL_867,FL_933
5/7/25 10:26,5/7/25 10:31,IP Address,100,308,TRUE,5/7/25 10:31,R_7NUIP0UIuFXHOhh,anonymous,EN,1,Firefighter because the building is likely on fire,6,6,-1,6,-1,6,6,-1,-1,-1,7,7,-1,-1,-1,1,6,6,-1,6,-1,6,6,-1,-1,-1,5,6,-1,-1,-1,1,1,1,1,1,,,,,,,,,,,,,,,,7,7,-1,7,-1,7,7,-1,-1,-1,7,7,-1,-1,-1,,,,,,,,,,,,,,,,,,,,,,,,,,,,,,,1,1,1,1,7,7,7,-1,7,7,7,7,-1,-1,7,7,7,-1,-1,6,6,6,4,6,6,5,6,6,7,6,6,5,6,7,,,,,,,,,,,,,,,,,,,,,,,,,,,,,,,,,,,,,,,,,,,,,,6,6,6,5,7,6,6,6,7,7,6,6,6,6,6,,,,,,,,,,,,,,,,,,,,,,,,,,,,,,,4,5,-1,-1,7,7,5,-1,-1,6,6,6,-1,-1,6,,,,,,,,,,,,,,,,6,6,-1,-1,-1,6,5,-1,-1,6,6,6,-1,-1,-1,,,,,,,,,,,,,,,,,,,,,,,,,,,,,,,,,,,,,,,,,,,,,,7,7,-1,-1,-1,7,7,7,-1,-1,7,7,-1,-1,-1,5,6,-1,-1,-1,6,6,-1,-1,-1,5,6,-1,-1,-1,0,0,N,,586874,5d083644613fce001b2a1001,robot,robots,UP,USED,USED,1,"<p></p><p></p><p>Now the robot follows the airport’s selection procedures and alerts when a passenger should be patted down and, in addition, uses different alerts for different selection criteria.</p>",USED,USED,3,USED,USED,USED,USED,2,USED,4,USED,5,FL_623,FL_17,FL_240,FL_421|FL_420|FL_682|FL_422|FL_423,FL_186,FL_196,FL_231,FL_698,,,,,,
5/7/25 10:26,5/7/25 10:33,IP Address,100,401,TRUE,5/7/25 10:33,R_7mF4ve5vTpUq64X,anonymous,EN,1,I would expect a team of firemen to come because the building is likely on fire and needs to be put out,6,7,7,7,7,7,7,7,7,7,6,7,6,7,6,1,7,7,7,7,6,7,7,6,6,6,7,7,6,7,6,1,0,1,1,1,7,7,7,7,7,6,7,6,6,7,6,7,7,7,7,,,,,,,,,,,,,,,,,,,,,,,,,,,,,,,,,,,,,,,,,,,,,,1,1,1,1,7,7,7,7,7,7,6,7,7,7,6,7,7,7,7,,,,,,,,,,,,,,,,,,,,,,,,,,,,,,,,,,,,,,,,,,,,,,5,6,6,5,7,5,5,6,6,6,4,6,6,6,7,6,7,7,6,7,6,7,6,7,7,5,7,7,7,7,,,,,,,,,,,,,,,,,,,,,,,,,,,,,,,6,7,7,5,7,6,6,5,7,7,5,5,6,7,7,,,,,,,,,,,,,,,,6,7,6,7,7,6,6,7,7,7,6,6,7,7,7,,,,,,,,,,,,,,,,5,6,6,6,7,5,6,6,6,6,5,6,6,7,7,,,,,,,,,,,,,,,,,,,,,,,,,,,,,,,6,7,7,6,7,6,7,6,7,7,6,7,7,7,7,5,6,N,No,263439,66ba8f0ec4dbbfca0c5fb393,dog,dogs,UP,USED,USED,1,"<p></p><p></p><p>Now the dog follows the airport’s selection procedures and alerts when a passenger should be patted down and, in addition, uses different alerts for different selection criteria.</p>",USED,USED,2,USED,USED,USED,USED,5,USED,4,USED,3,FL_622,FL_17,FL_240,FL_422|FL_421|FL_420|FL_682|FL_423,FL_183,FL_644,FL_231,FL_692,,,,,,
5/7/25 10:27,5/7/25 10:34,IP Address,100,382,TRUE,5/7/25 10:34,R_7R2PhzyGihUDG8B,anonymous,EN,0.800000012,I would expect firefighters to come because the building likely is on fire,6,6,5,4,4,6,6,4,5,4,6,6,4,5,5,1,7,7,5,4,4,6,6,4,5,4,6,6,4,5,4,1,1,1,1,1,,,,,,,,,,,,,,,,,,,,,,,,,,,,,,,6,6,4,4,4,5,6,4,5,6,6,7,4,5,5,,,,,,,,,,,,,,,,1,1,1,1,7,7,5,4,4,6,6,4,7,6,6,7,5,5,6,,,,,,,,,,,,,,,,6,6,5,4,4,6,6,4,5,4,6,6,4,5,5,,,,,,,,,,,,,,,,,,,,,,,,,,,,,,,6,7,4,4,4,7,7,4,5,4,7,7,4,5,5,,,,,,,,,,,,,,,,,,,,,,,,,,,,,,,,,,,,,,,,,,,,,,6,7,5,4,4,6,6,5,4,4,5,6,4,5,4,6,6,4,4,4,6,7,4,5,4,6,6,4,5,5,6,6,4,4,5,6,6,4,5,5,6,6,5,6,6,,,,,,,,,,,,,,,,,,,,,,,,,,,,,,,,,,,,,,,,,,,,,,6,6,4,4,5,7,6,4,5,6,7,6,4,5,6,5,5,N,,168846,5a98d411f05361000171ebe7,dog,dogs,UP,USED,USED,1,"<p></p><p></p><p>Now the dog follows the airport’s selection procedures and alerts when a passenger should be patted down and, in addition, uses different alerts for different selection criteria.</p>",USED,USED,4,USED,USED,USED,USED,3,USED,5,USED,2,FL_622,FL_17,FL_240,FL_422|FL_420|FL_421|FL_682|FL_423,FL_189,FL_199,FL_656,FL_689,,,,,,
5/7/25 10:28,5/7/25 10:35,IP Address,100,408,TRUE,5/7/25 10:35,R_523D45aAaM8RVNy,anonymous,EN,1,I would expect a fireman would be coming next,6,6,6,6,6,6,6,6,6,6,6,6,6,6,6,1,7,7,7,7,7,7,7,7,7,6,7,7,7,7,6,1,1,1,1,1,7,7,7,7,7,7,5,7,7,7,7,6,7,7,7,,,,,,,,,,,,,,,,,,,,,,,,,,,,,,,,,,,,,,,,,,,,,,1,1,1,1,6,6,6,6,6,6,4,6,5,5,4,5,5,4,5,,,,,,,,,,,,,,,,,,,,,,,,,,,,,,,,,,,,,,,,,,,,,,6,6,6,6,6,6,6,6,6,5,6,6,6,6,6,7,7,7,7,7,7,7,7,7,6,7,7,7,7,6,,,,,,,,,,,,,,,,,,,,,,,,,,,,,,,6,6,6,6,6,6,6,6,6,6,6,6,6,6,6,,,,,,,,,,,,,,,,6,6,6,6,6,6,6,6,6,6,6,6,6,6,6,,,,,,,,,,,,,,,,5,5,5,5,5,5,5,5,5,4,4,5,5,5,5,,,,,,,,,,,,,,,,,,,,,,,,,,,,,,,6,6,6,6,6,6,7,6,6,5,6,7,5,6,6,,,N,,349935,62349dcdec7c3f8e7e1bc90b,person,people,UP,USED,USED,1,"<p></p><p></p><p>Now the person follows the airport’s selection procedures and alerts when a passenger should be patted down and, in addition, uses different alerts for different selection criteria.</p>",USED,USED,2,USED,USED,USED,USED,5,USED,4,USED,3,FL_624,FL_17,FL_240,FL_420|FL_682|FL_421|FL_422|FL_423,FL_183,FL_644,FL_231,FL_692,,,,,,
5/7/25 10:26,5/7/25 10:35,IP Address,100,539,TRUE,5/7/25 10:35,R_3rkcAMpG2jfgfTC,anonymous,EN,1,No because there could be a fire. ,7,7,7,7,7,7,7,7,7,7,7,7,7,7,7,1,6,6,6,6,6,6,6,6,6,6,6,6,6,6,6,1,1,0,0,0,,,,,,,,,,,,,,,,,,,,,,,,,,,,,,,,,,,,,,,,,,,,,,5,5,5,5,5,5,5,5,5,5,5,5,5,5,5,1,0,1,1,5,5,5,5,5,5,5,5,5,5,5,5,5,5,5,,,,,,,,,,,,,,,,,,,,,,,,,,,,,,,7,7,7,7,7,7,7,7,7,7,7,7,7,7,7,,,,,,,,,,,,,,,,7,7,7,7,7,7,7,7,7,7,7,7,7,7,7,,,,,,,,,,,,,,,,6,6,6,6,6,6,6,6,6,6,6,6,6,6,6,,,,,,,,,,,,,,,,,,,,,,,,,,,,,,,7,7,7,7,7,7,7,7,7,7,7,7,7,7,7,6,6,6,6,6,6,6,6,6,6,6,6,6,6,6,,,,,,,,,,,,,,,,,,,,,,,,,,,,,,,,,,,,,,,,,,,,,,6,6,6,6,6,6,6,6,6,6,6,6,6,6,6,6,6,N,,554382,6779cd235e575cd0fcbc97ce,dog,dogs,UP,USED,USED,1,"<p></p><p></p><p>Now the dog follows the airport’s selection procedures and alerts when a passenger should be patted down and, in addition, uses different alerts for different selection criteria.</p>",USED,USED,5,USED,USED,USED,USED,4,USED,3,USED,2,FL_622,FL_17,FL_240,FL_421|FL_420|FL_682|FL_422|FL_423,FL_634,FL_202,FL_228,FL_689,,,,,,
5/7/25 10:28,5/7/25 10:35,IP Address,100,420,TRUE,5/7/25 10:35,R_1Z0M4dbDhErTNS1,anonymous,EN,1,a fire caused,7,7,7,7,7,7,7,7,6,6,7,7,6,6,6,1,5,6,5,5,5,5,4,5,5,4,5,5,5,5,5,1,1,1,1,1,,,,,,,,,,,,,,,,7,7,7,7,7,7,7,7,7,7,7,7,7,7,7,,,,,,,,,,,,,,,,,,,,,,,,,,,,,,,1,1,1,1,2,2,2,2,2,3,2,2,1,2,2,1,2,2,2,,,,,,,,,,,,,,,,,,,,,,,,,,,,,,,5,5,5,5,5,5,4,4,4,5,5,5,5,5,5,,,,,,,,,,,,,,,,4,4,4,4,4,4,3,4,4,4,3,3,4,4,4,5,5,6,5,5,5,5,5,4,5,5,5,5,5,5,,,,,,,,,,,,,,,,,,,,,,,,,,,,,,,,,,,,,,,,,,,,,,7,7,7,7,7,7,7,7,7,7,7,7,7,7,7,,,,,,,,,,,,,,,,,,,,,,,,,,,,,,,,,,,,,,,,,,,,,,6,6,6,6,6,5,6,6,6,6,6,6,6,6,6,2,2,3,3,3,2,2,2,2,3,2,3,2,2,2,4,3,N,nope thanks!,581222,5bb58e338f3bd70001e5df57,robot,robots,DOWN,USED,USED,1,"<p></p><p></p><p>Now the robot follows the airport’s selection procedures and alerts when a passenger should be patted down but does not use different alerts for different selection criteria.
</p>",USED,USED,3,USED,USED,USED,USED,4,USED,2,USED,5,FL_623,FL_424,,,,,,,FL_978,FL_803|FL_917|FL_746|FL_860|FL_974,FL_756,FL_816,FL_867,FL_933
5/7/25 10:28,5/7/25 10:36,IP Address,100,475,TRUE,5/7/25 10:36,R_7ZQGssK5Umdyhbz,anonymous,EN,1,fire fighters because the building is on fire,,,,,,,,,,,,,,,,,6,5,-1,-1,-1,6,4,-1,-1,-1,6,6,-1,-1,-1,,0,1,1,1,,,,,,,,,,,,,,,,,,,,,,,,,,,,,,,,,,,,,,,,,,,,,,,,,,,,,,,,,,,,,1,1,1,1,4,4,-1,-1,-1,5,5,-1,-1,-1,6,5,-1,-1,-1,,,,,,,,,,,,,,,,,,,,,,,,,,,,,,,7,7,-1,-1,5,7,6,-1,6,7,7,7,-1,-1,6,,,,,,,,,,,,,,,,6,6,-1,-1,-1,5,6,-1,-1,6,4,6,-1,-1,-1,,,,,,,,,,,,,,,,4,4,-1,-1,-1,5,5,-1,-1,-1,5,5,-1,-1,-1,,,,,,,,,,,,,,,,,,,,,,,,,,,,,,,4,4,-1,-1,-1,4,5,-1,-1,-1,5,5,-1,-1,-1,6,6,-1,-1,-1,7,6,-1,-1,7,6,6,-1,-1,-1,,,,,,,,,,,,,,,,,,,,,,,,,,,,,,,,,,,,,,,,,,,,,,6,5,-1,-1,-1,6,6,-1,-1,7,6,6,-1,-1,-1,5,6,N,,24102,672262e97fb3bf8a0201565b,dog,dogs,DOWN,USED,,5,"<p></p><p>Now the dog correctly identifies most cases of skin disease but does not use different alerts for different types of skin diseases.
 </p>",USED,USED,,USED,USED,USED,USED,4,USED,3,USED,2,FL_622,FL_424,,,,,,,FL_990,FL_803|FL_917|FL_860|FL_746|FL_974,,FL_816,FL_870,FL_924
5/7/25 10:27,5/7/25 10:36,IP Address,100,562,TRUE,5/7/25 10:36,R_5O2OBk3AisJrn5K,anonymous,EN,1,I would expect fire fighters to come to the building because it's possible there is a fire. ,6,6,5,5,5,6,6,5,5,5,5,6,5,5,5,1,6,6,6,6,6,6,6,6,6,6,6,6,6,6,6,1,1,1,1,1,,,,,,,,,,,,,,,,,,,,,,,,,,,,,,,,,,,,,,,,,,,,,,6,6,5,6,6,6,6,5,6,6,6,6,6,5,6,1,0,1,1,7,7,7,7,7,7,7,7,7,7,7,7,7,7,7,,,,,,,,,,,,,,,,5,5,5,5,5,5,6,5,5,5,5,6,5,5,5,,,,,,,,,,,,,,,,,,,,,,,,,,,,,,,7,7,6,6,7,7,7,6,7,6,7,7,6,7,6,7,7,7,6,7,7,7,7,7,7,7,7,6,7,7,,,,,,,,,,,,,,,,,,,,,,,,,,,,,,,,,,,,,,,,,,,,,,7,7,7,7,7,7,7,7,7,7,7,7,7,7,7,,,,,,,,,,,,,,,,,,,,,,,,,,,,,,,7,7,6,6,7,7,7,6,7,7,7,7,6,7,7,,,,,,,,,,,,,,,,4,6,4,4,4,4,6,4,4,4,4,4,4,4,4,,,N,no,615198,66196025cdd89ad566b0bf55,person,people,UP,USED,USED,1,"<p></p><p></p><p>Now the person follows the airport’s selection procedures and alerts when a passenger should be patted down and, in addition, uses different alerts for different selection criteria.</p>",USED,USED,5,USED,USED,USED,USED,3,USED,2,USED,4,FL_624,FL_17,FL_240,FL_422|FL_682|FL_421|FL_420|FL_423,FL_634,FL_199,FL_225,FL_695,,,,,,
5/7/25 10:26,5/7/25 10:36,IP Address,100,583,TRUE,5/7/25 10:36,R_1tnbGjC8eudQwiK,anonymous,EN,1,The fire department because there may be a fire in the building.,7,-1,-1,-1,-1,7,7,-1,-1,-1,7,7,-1,-1,-1,1,6,-1,-1,-1,-1,6,6,-1,-1,-1,6,-1,-1,-1,-1,1,0,0,1,0,7,-1,-1,-1,-1,7,-1,-1,-1,7,7,7,-1,-1,-1,,,,,,,,,,,,,,,,,,,,,,,,,,,,,,,,,,,,,,,,,,,,,,1,1,1,1,7,-1,-1,-1,-1,7,7,-1,-1,7,7,-1,-1,-1,-1,,,,,,,,,,,,,,,,,,,,,,,,,,,,,,,7,-1,-1,-1,-1,7,7,-1,-1,7,7,-1,-1,-1,-1,,,,,,,,,,,,,,,,6,-1,-1,-1,-1,6,7,-1,-1,7,4,-1,-1,-1,-1,,,,,,,,,,,,,,,,7,-1,-1,-1,-1,7,7,-1,-1,-1,7,7,-1,-1,-1,,,,,,,,,,,,,,,,,,,,,,,,,,,,,,,7,-1,-1,-1,-1,7,7,-1,-1,-1,-1,7,-1,-1,-1,,,,,,,,,,,,,,,,,,,,,,,,,,,,,,,,,,,,,,,,,,,,,,7,-1,-1,-1,-1,7,-1,-1,-1,-1,7,7,-1,-1,-1,7,-1,-1,-1,-1,7,7,-1,-1,-1,-1,-1,-1,-1,-1,5,7,N,it was interesting to take part in. Thank you for the opportunity.,666909,615914a33224dc31f1045612,dog,dogs,DOWN,USED,USED,1,"<p></p><p></p><p>Now the dog follows the airport’s selection procedures and alerts when a passenger should be patted down but does not use different alerts for different selection criteria.
</p>",USED,USED,2,USED,USED,USED,USED,4,USED,3,USED,5,FL_622,FL_424,,,,,,,FL_978,FL_860|FL_917|FL_746|FL_803|FL_974,FL_753,FL_816,FL_870,FL_933
5/7/25 10:28,5/7/25 10:37,IP Address,100,501,TRUE,5/7/25 10:37,R_2CQI13RDbjKwyFm,anonymous,EN,1,The fire brigade as the building may be on fire,7,7,6,7,7,7,7,7,7,6,7,7,6,7,7,1,7,7,6,7,7,7,7,7,7,6,7,7,6,7,7,1,1,0,0,1,,,,,,,,,,,,,,,,,,,,,,,,,,,,,,,,,,,,,,,,,,,,,,7,7,7,7,6,7,7,7,7,7,7,7,6,7,7,1,1,1,1,7,7,7,7,7,7,7,7,7,7,7,7,7,7,7,,,,,,,,,,,,,,,,7,7,6,6,7,7,7,6,7,6,7,7,6,7,7,,,,,,,,,,,,,,,,,,,,,,,,,,,,,,,7,7,7,7,7,7,7,7,7,6,7,7,6,7,7,7,7,7,7,7,7,6,7,7,7,7,7,6,6,7,,,,,,,,,,,,,,,,,,,,,,,,,,,,,,,,,,,,,,,,,,,,,,7,7,7,7,7,7,6,7,7,7,7,7,6,7,7,,,,,,,,,,,,,,,,,,,,,,,,,,,,,,,7,7,7,7,7,7,7,7,7,7,7,7,6,7,7,,,,,,,,,,,,,,,,7,7,7,7,7,7,7,7,7,7,7,7,6,7,7,,,N,,844273,56c5c6489b720300057af888,person,people,UP,USED,USED,1,"<p></p><p></p><p>Now the person follows the airport’s selection procedures and alerts when a passenger should be patted down and, in addition, uses different alerts for different selection criteria.</p>",USED,USED,5,USED,USED,USED,USED,3,USED,2,USED,4,FL_624,FL_17,FL_240,FL_682|FL_422|FL_420|FL_421|FL_423,FL_634,FL_199,FL_225,FL_695,,,,,,
5/7/25 10:26,5/7/25 10:37,IP Address,100,637,TRUE,5/7/25 10:37,R_8zDeQkD4NMTvuWV,anonymous,EN,1,I'd expect fire fighters to arrive and attempt to extinguish the fire,7,7,-1,7,-1,7,-1,7,-1,-1,7,7,-1,-1,-1,1,7,7,7,7,-1,7,-1,-1,-1,-1,7,7,-1,-1,-1,1,1,1,1,0,,,,,,,,,,,,,,,,7,7,-1,-1,-1,7,7,-1,-1,-1,7,7,-1,-1,-1,,,,,,,,,,,,,,,,,,,,,,,,,,,,,,,1,1,1,1,7,7,7,7,7,7,7,7,-1,-1,7,7,7,7,7,,,,,,,,,,,,,,,,,,,,,,,,,,,,,,,6,6,6,-1,5,6,5,5,6,6,6,6,-1,6,6,,,,,,,,,,,,,,,,7,7,6,6,6,7,7,7,6,6,7,7,6,6,7,7,7,7,-1,7,7,7,7,7,7,7,7,-1,-1,7,,,,,,,,,,,,,,,,,,,,,,,,,,,,,,,,,,,,,,,,,,,,,,7,7,7,7,7,7,7,7,7,7,7,7,7,7,7,,,,,,,,,,,,,,,,,,,,,,,,,,,,,,,,,,,,,,,,,,,,,,6,6,-1,6,6,6,6,-1,6,-1,6,6,-1,6,6,7,6,6,-1,6,7,7,6,6,-1,7,7,-1,6,-1,,,N,"I found this difficult to contribute meaningfully to, as many of the attributes such as kindness are so difficult to judge. I tried my best and hope it is useful.",725667,669677d986a5a20026bbf20e,person,people,UP,USED,USED,1,"<p></p><p></p><p>Now the person follows the airport’s selection procedures and alerts when a passenger should be patted down and, in addition, uses different alerts for different selection criteria.</p>",USED,USED,3,USED,USED,USED,USED,4,USED,2,USED,5,FL_624,FL_17,FL_240,FL_421|FL_682|FL_420|FL_422|FL_423,FL_186,FL_202,FL_225,FL_698,,,,,,
5/7/25 10:26,5/7/25 10:37,IP Address,100,629,TRUE,5/7/25 10:37,R_2LZ1HsenNvSY0Gz,anonymous,EN,1,Fireman because the house is probably on fire,7,7,3,3,0,7,6,0,4,0,7,7,0,6,0,1,3,3,0,0,0,3,2,0,0,0,2,1,0,-1,0,1,1,1,1,1,5,6,1,0,4,5,3,1,1,2,5,6,0,-1,3,,,,,,,,,,,,,,,,,,,,,,,,,,,,,,,,,,,,,,,,,,,,,,1,1,1,1,1,1,2,0,1,1,2,0,0,0,0,1,0,-1,0,,,,,,,,,,,,,,,,,,,,,,,,,,,,,,,,,,,,,,,,,,,,,,5,5,4,1,0,4,5,0,3,0,0,5,0,-1,1,1,1,0,0,0,0,1,2,0,0,1,2,0,-1,0,,,,,,,,,,,,,,,,,,,,,,,,,,,,,,,5,4,1,0,2,6,2,3,1,4,4,3,2,-1,2,,,,,,,,,,,,,,,,0,0,0,1,1,0,1,0,0,1,0,1,0,-1,0,,,,,,,,,,,,,,,,6,5,0,0,0,7,7,0,5,0,7,7,0,7,0,,,,,,,,,,,,,,,,,,,,,,,,,,,,,,,4,3,0,0,0,3,2,0,0,0,4,3,0,0,0,0,0,N,,951334,629382914e43b1736f2b1233@email.prolific.com,robot,robots,DOWN,USED,USED,1,"<p></p><p></p><p>Now the robot follows the airport’s selection procedures and alerts when a passenger should be patted down but does not use different alerts for different selection criteria.
</p>",USED,USED,2,USED,USED,USED,USED,5,USED,4,USED,3,FL_623,FL_424,,,,,,,FL_978,FL_917|FL_860|FL_746|FL_803|FL_974,FL_753,FL_819,FL_873,FL_927
5/7/25 10:26,5/7/25 10:37,IP Address,100,661,TRUE,5/7/25 10:37,R_8I0IGhSTxvlEqZK,anonymous,EN,0.899999976,Firefighters cos house is on fire ,6,6,-1,6,-1,6,7,5,-1,-1,6,6,-1,-1,-1,1,4,4,4,-1,6,2,3,-1,-1,-1,-1,-1,-1,-1,-1,1,1,1,0,1,,,,,,,,,,,,,,,,7,7,7,7,7,7,7,7,7,-1,7,7,-1,-1,-1,,,,,,,,,,,,,,,,,,,,,,,,,,,,,,,1,1,1,1,1,1,1,1,6,1,4,0,-1,-1,0,2,-1,-1,-1,,,,,,,,,,,,,,,,,,,,,,,,,,,,,,,,,,,,,,,,,,,,,,5,5,-1,6,-1,4,5,-1,-1,-1,5,-1,-1,-1,-1,0,1,-1,-1,-1,1,3,-1,-1,-1,2,1,-1,-1,-1,,,,,,,,,,,,,,,,,,,,,,,,,,,,,,,-1,-1,0,4,3,5,4,6,5,2,6,5,3,-1,-1,,,,,,,,,,,,,,,,5,5,3,3,3,5,3,-1,-1,3,7,7,-1,-1,6,7,4,-1,6,-1,-1,6,7,-1,-1,7,-1,-1,-1,6,,,,,,,,,,,,,,,,,,,,,,,,,,,,,,,,,,,,,,,,,,,,,,6,6,5,5,6,6,6,3,-1,-1,4,4,-1,-1,1,1,0,N,,819912,5d73fb886f86080001e3176c,robot,robots,DOWN,USED,USED,1,"<p></p><p></p><p>Now the robot follows the airport’s selection procedures and alerts when a passenger should be patted down but does not use different alerts for different selection criteria.
</p>",USED,USED,3,USED,USED,USED,USED,5,USED,4,USED,2,FL_623,FL_424,,,,,,,FL_978,FL_860|FL_917|FL_746|FL_803|FL_974,FL_756,FL_819,FL_873,FL_924
5/7/25 10:27,5/7/25 10:38,IP Address,100,616,TRUE,5/7/25 10:38,R_2sgBScA9vghDxRv,anonymous,EN,1,Fire fighters because there is a fire,4,4,4,4,-1,5,4,4,3,3,4,4,3,4,3,1,4,5,4,4,-1,4,4,4,4,3,4,4,3,3,3,1,1,0,1,1,,,,,,,,,,,,,,,,,,,,,,,,,,,,,,,5,6,6,6,-1,5,5,5,5,5,6,5,5,4,4,,,,,,,,,,,,,,,,1,1,1,1,3,3,3,6,-1,4,5,5,3,3,5,4,3,3,3,,,,,,,,,,,,,,,,,,,,,,,,,,,,,,,,,,,,,,,,,,,,,,4,4,5,6,-1,5,4,-1,-1,-1,3,4,5,-1,-1,3,3,5,5,-1,3,3,-1,-1,-1,3,3,-1,-1,-1,6,6,6,6,-1,6,4,5,6,6,6,6,6,6,6,,,,,,,,,,,,,,,,,,,,,,,,,,,,,,,,,,,,,,,,,,,,,,5,5,5,5,-1,6,4,4,5,6,5,6,5,6,5,,,,,,,,,,,,,,,,6,6,6,6,-1,6,6,6,6,-1,6,6,-1,-1,-1,,,,,,,,,,,,,,,,,,,,,,,,,,,,,,,6,6,6,6,-1,6,6,6,-1,-1,5,5,-1,-1,-1,,,N,,147938,6778600892389a6812313be6,person,people,DOWN,USED,USED,1,"<p></p><p></p><p>Now the person follows the airport’s selection procedures and alerts when a passenger should be patted down but does not use different alerts for different selection criteria.
</p>",USED,USED,4,USED,USED,USED,USED,5,USED,2,USED,3,FL_624,FL_424,,,,,,,FL_978,FL_803|FL_746|FL_917|FL_860|FL_974,FL_759,FL_819,FL_867,FL_927
5/7/25 10:29,5/7/25 10:38,IP Address,100,579,TRUE,5/7/25 10:38,R_8nTBjP7YCNFK3x7,anonymous,EN,1,I would expect firefighters to come to the building as it sounds like the man is escaping from a fire.,4,4,-1,-1,-1,4,4,-1,-1,-1,4,4,-1,-1,-1,1,4,4,-1,-1,-1,4,4,-1,-1,-1,4,4,-1,-1,-1,0,1,0,1,1,,,,,,,,,,,,,,,,,,,,,,,,,,,,,,,,,,,,,,,,,,,,,,5,5,-1,-1,-1,4,6,-1,-1,-1,5,5,-1,-1,-1,1,1,1,1,4,5,-1,-1,-1,5,6,-1,-1,-1,5,6,-1,-1,-1,6,6,-1,-1,-1,6,5,-1,-1,-1,5,5,-1,-1,-1,,,,,,,,,,,,,,,,,,,,,,,,,,,,,,,,,,,,,,,,,,,,,,4,5,-1,-1,-1,4,4,-1,-1,-1,4,4,-1,-1,-1,,,,,,,,,,,,,,,,5,5,-1,-1,-1,5,5,-1,-1,-1,5,5,-1,-1,-1,,,,,,,,,,,,,,,,,,,,,,,,,,,,,,,5,5,-1,-1,-1,5,5,-1,-1,-1,5,5,-1,-1,-1,,,,,,,,,,,,,,,,,,,,,,,,,,,,,,,7,7,-1,-1,-1,6,6,-1,-1,-1,6,6,-1,-1,-1,,,,,,,,,,,,,,,,2,3,-1,-1,-1,2,4,-1,-1,-1,1,4,-1,-1,-1,1,1,N,,929482,571bdaa76b0894001362f780,dog,dogs,DOWN,USED,USED,1,"<p></p><p></p><p>Now the dog follows the airport’s selection procedures and alerts when a passenger should be patted down but does not use different alerts for different selection criteria.
</p>",USED,USED,5,USED,USED,USED,USED,2,USED,3,USED,4,FL_622,FL_424,,,,,,,FL_978,FL_917|FL_746|FL_803|FL_860|FL_974,FL_762,FL_810,FL_870,FL_930
5/7/25 10:26,5/7/25 10:39,IP Address,100,793,TRUE,5/7/25 10:39,R_7FVyLhn0gVPl2R6,anonymous,EN,1,firefighters primary responders to a building that is getting very hot,7,7,7,7,7,7,7,7,7,7,7,7,7,7,7,1,6,6,6,6,6,6,6,6,6,6,6,6,6,6,6,1,1,1,1,0,,,,,,,,,,,,,,,,7,7,7,7,7,7,7,7,7,7,7,7,7,7,7,,,,,,,,,,,,,,,,,,,,,,,,,,,,,,,1,1,1,1,5,5,5,5,5,5,5,5,5,5,5,5,5,5,5,7,7,7,7,7,7,7,7,7,7,7,7,7,7,7,,,,,,,,,,,,,,,,,,,,,,,,,,,,,,,,,,,,,,,,,,,,,,6,6,6,6,6,6,6,6,6,6,6,6,6,6,6,,,,,,,,,,,,,,,,,,,,,,,,,,,,,,,7,7,7,7,7,7,7,7,7,7,7,7,7,7,7,,,,,,,,,,,,,,,,6,6,6,5,6,6,6,6,6,6,6,6,6,6,6,,,,,,,,,,,,,,,,,,,,,,,,,,,,,,,,,,,,,,,,,,,,,,7,7,7,7,7,7,7,7,7,7,7,7,7,7,7,6,6,5,6,6,6,6,6,6,6,6,6,6,6,6,5,4,N,,361201,67e9b888ac3096864febe175,robot,robots,DOWN,USED,USED,1,"<p></p><p></p><p>Now the robot follows the airport’s selection procedures and alerts when a passenger should be patted down but does not use different alerts for different selection criteria.
</p>",USED,USED,3,USED,USED,USED,USED,2,USED,4,USED,5,FL_623,FL_424,,,,,,,FL_978,FL_803|FL_860|FL_917|FL_746|FL_974,FL_756,FL_810,FL_873,FL_933
5/7/25 10:27,5/7/25 10:40,IP Address,100,768,TRUE,5/7/25 10:40,R_3EglcS7zVa17qjQ,anonymous,EN,1,I would expect firefighters to come to the building because it must be burning.,,,,,,,,,,,,,,,,,3,3,2,3,2,3,4,3,4,2,3,3,2,4,3,,1,1,1,1,,,,,,,,,,,,,,,,,,,,,,,,,,,,,,,,,,,,,,,,,,,,,,5,5,4,4,3,5,5,3,4,5,6,6,5,4,5,1,1,1,1,5,5,5,4,3,5,5,2,4,5,4,4,3,4,3,,,,,,,,,,,,,,,,,,,,,,,,,,,,,,,,,,,,,,,,,,,,,,6,5,4,4,0,5,5,0,4,0,3,5,0,4,0,4,4,3,2,0,4,3,0,4,0,2,3,0,4,0,6,6,7,4,3,6,6,2,4,5,6,6,5,4,5,,,,,,,,,,,,,,,,,,,,,,,,,,,,,,,,,,,,,,,,,,,,,,3,4,3,2,3,3,4,2,4,3,3,4,4,4,3,,,,,,,,,,,,,,,,,,,,,,,,,,,,,,,7,7,6,6,6,6,7,4,4,5,6,6,5,4,7,,,,,,,,,,,,,,,,7,7,6,6,6,7,7,5,4,6,7,7,5,4,6,4,3,N,This study was realistic.,841881,59e62b6277860e0001512e14,robot,robots,DOWN,USED,,3,"<p></p><p>Now the robot still searches and alerts the team if an explosive is present but also does not indicate where the explosive is located.
</p>",USED,USED,5,USED,USED,USED,USED,5,USED,2,USED,4,FL_623,FL_424,,,,,,,FL_984,FL_803|FL_860|FL_917|FL_746|FL_974,FL_762,FL_819,FL_867,FL_930
5/7/25 10:28,5/7/25 10:40,IP Address,100,719,TRUE,5/7/25 10:40,R_3rGKtPqm12dA9uY,anonymous,EN,0.899999976,"the fire service department is highly expected to come to the building as the word hot in the context refers to fire, the building is obviously on fire",7,6,7,7,7,6,6,6,6,7,7,6,6,6,7,1,7,7,7,7,7,7,7,7,7,7,7,7,7,7,7,1,1,1,1,1,,,,,,,,,,,,,,,,7,7,7,6,6,7,7,6,6,7,7,7,6,6,7,,,,,,,,,,,,,,,,,,,,,,,,,,,,,,,1,1,1,1,7,7,7,7,7,7,7,7,7,7,7,7,7,7,7,,,,,,,,,,,,,,,,,,,,,,,,,,,,,,,6,6,6,6,6,6,6,6,6,6,6,6,6,6,6,,,,,,,,,,,,,,,,7,7,7,7,7,7,7,7,7,7,7,7,7,7,7,7,7,7,7,7,7,7,7,7,7,7,7,7,7,7,,,,,,,,,,,,,,,,,,,,,,,,,,,,,,,,,,,,,,,,,,,,,,4,5,5,2,4,5,5,4,4,6,-1,5,5,5,3,,,,,,,,,,,,,,,,,,,,,,,,,,,,,,,,,,,,,,,,,,,,,,7,7,7,7,7,7,7,7,7,7,7,7,7,7,7,7,7,7,7,7,7,7,7,7,7,7,7,7,7,7,,,N,excellent study,495362,67dff7baa47b22e23bc1a411,person,people,UP,USED,USED,1,"<p></p><p></p><p>Now the person follows the airport’s selection procedures and alerts when a passenger should be patted down and, in addition, uses different alerts for different selection criteria.</p>",USED,USED,3,USED,USED,USED,USED,4,USED,2,USED,5,FL_624,FL_17,FL_240,FL_422|FL_420|FL_682|FL_421|FL_423,FL_186,FL_202,FL_225,FL_698,,,,,,
5/7/25 10:26,5/7/25 10:40,IP Address,100,801,TRUE,5/7/25 10:40,R_3iyRR9JDhNFtUVc,anonymous,EN,0.899999976,A building was likely on fire and a man ran to escape,5,5,5,4,5,4,3,4,5,4,4,4,3,5,5,1,3,3,5,3,5,2,1,4,4,6,1,1,3,4,2,1,1,1,1,1,,,,,,,,,,,,,,,,,,,,,,,,,,,,,,,,,,,,,,,,,,,,,,7,6,6,7,4,6,6,5,6,4,6,7,7,7,6,1,0,1,1,7,7,6,5,3,6,7,5,4,1,6,6,5,4,1,,,,,,,,,,,,,,,,,,,,,,,,,,,,,,,6,6,4,3,2,5,4,3,2,3,1,5,4,3,2,,,,,,,,,,,,,,,,2,4,4,3,2,3,3,3,2,3,0,3,4,3,2,,,,,,,,,,,,,,,,5,5,4,4,6,5,5,5,4,5,4,4,6,5,5,,,,,,,,,,,,,,,,,,,,,,,,,,,,,,,2,1,0,2,1,0,0,0,1,1,2,1,0,1,0,6,6,6,5,6,5,5,4,5,6,5,6,6,6,5,,,,,,,,,,,,,,,,,,,,,,,,,,,,,,,,,,,,,,,,,,,,,,6,5,4,3,5,5,5,4,5,4,3,4,4,5,3,5,6,N,,493405,6631b7082d353b2a8ab48cfe,dog,dogs,DOWN,USED,USED,1,"<p></p><p></p><p>Now the dog follows the airport’s selection procedures and alerts when a passenger should be patted down but does not use different alerts for different selection criteria.
</p>",USED,USED,5,USED,USED,USED,USED,4,USED,3,USED,2,FL_622,FL_424,,,,,,,FL_978,FL_746|FL_803|FL_860|FL_917|FL_974,FL_762,FL_816,FL_870,FL_924
5/7/25 10:30,5/7/25 10:40,IP Address,100,601,TRUE,5/7/25 10:40,R_3eaMZqXncb7bfzJ,anonymous,EN,0.899999976,A man ran a flight of stares because the building was very hot and possibly on fire,6,6,6,6,6,6,6,6,6,6,6,6,6,6,6,1,7,7,7,7,7,7,7,7,7,7,7,7,7,7,7,1,1,1,1,1,,,,,,,,,,,,,,,,,,,,,,,,,,,,,,,7,7,7,7,7,7,7,7,7,7,7,7,7,7,7,,,,,,,,,,,,,,,,1,1,1,1,6,6,6,3,6,6,3,3,3,3,6,3,3,3,6,5,5,5,3,5,5,5,5,5,5,5,5,5,5,5,,,,,,,,,,,,,,,,,,,,,,,,,,,,,,,,,,,,,,,,,,,,,,6,6,6,6,6,5,6,6,6,6,5,6,6,6,6,,,,,,,,,,,,,,,,6,6,6,6,6,6,6,6,6,6,6,6,6,6,6,,,,,,,,,,,,,,,,,,,,,,,,,,,,,,,7,7,7,7,7,7,7,7,7,7,7,7,7,7,7,,,,,,,,,,,,,,,,,,,,,,,,,,,,,,,,,,,,,,,,,,,,,,6,6,6,6,6,6,6,6,6,6,6,6,6,6,6,7,7,7,7,7,7,7,7,7,7,7,7,7,7,7,,,N,,422811,570d22b35e5156000efd8bd5,person,people,UP,USED,USED,1,"<p></p><p></p><p>Now the person follows the airport’s selection procedures and alerts when a passenger should be patted down and, in addition, uses different alerts for different selection criteria.</p>",USED,USED,4,USED,USED,USED,USED,2,USED,3,USED,5,FL_624,FL_17,FL_240,FL_420|FL_421|FL_422|FL_682|FL_423,FL_189,FL_196,FL_228,FL_698,,,,,,
5/7/25 10:32,5/7/25 10:42,IP Address,100,617,TRUE,5/7/25 10:42,R_8felIhePwo6WF2c,anonymous,EN,1,"I would expect firefighters to come to the building now potentially, since it sounds like there might be a fire going on? At least because the building is getting very hot.",6,6,4,6,4,6,6,6,4,0,6,6,4,6,1,1,2,2,3,1,2,2,2,2,2,0,2,2,3,2,2,1,1,1,1,1,6,5,6,5,4,6,6,6,7,7,6,6,7,7,7,,,,,,,,,,,,,,,,,,,,,,,,,,,,,,,,,,,,,,,,,,,,,,1,1,1,1,0,0,0,0,0,0,0,0,0,0,0,0,0,0,0,,,,,,,,,,,,,,,,3,3,3,5,0,2,4,4,1,4,3,2,2,2,2,,,,,,,,,,,,,,,,,,,,,,,,,,,,,,,1,1,3,1,1,0,0,0,0,3,0,0,0,0,1,,,,,,,,,,,,,,,,,,,,,,,,,,,,,,,6,6,6,6,6,6,6,6,6,6,7,6,7,7,7,,,,,,,,,,,,,,,,7,7,7,7,7,7,7,7,7,7,7,7,7,7,7,,,,,,,,,,,,,,,,,,,,,,,,,,,,,,,,,,,,,,,,,,,,,,5,4,4,4,4,3,3,3,3,4,4,4,3,3,4,2,2,4,4,4,2,2,4,4,4,4,2,4,4,4,4,4,N,N/A,871107,6170cb31c3656859cca7cc57,robot,robots,DOWN,USED,USED,1,"<p></p><p></p><p>Now the robot follows the airport’s selection procedures and alerts when a passenger should be patted down but does not use different alerts for different selection criteria.
</p>",USED,USED,2,USED,USED,USED,USED,3,USED,4,USED,5,FL_623,FL_424,,,,,,,FL_978,FL_803|FL_746|FL_860|FL_917|FL_974,FL_753,FL_813,FL_873,FL_933
5/7/25 10:28,5/7/25 10:42,IP Address,100,865,TRUE,5/7/25 10:42,R_5wxa3EN2Y5SoHwB,anonymous,EN,1,a unit of fire fighters to help put out the fire,7,6,5,6,7,6,5,6,7,6,5,6,7,6,-1,1,6,7,6,5,6,7,6,5,6,7,6,5,6,7,-1,0,0,1,0,0,,,,,,,,,,,,,,,,7,6,5,6,7,6,5,6,7,6,5,6,7,6,5,,,,,,,,,,,,,,,,,,,,,,,,,,,,,,,1,1,1,1,7,6,5,6,7,6,5,6,7,5,6,7,6,5,6,,,,,,,,,,,,,,,,,,,,,,,,,,,,,,,7,6,5,6,7,6,5,6,7,6,5,6,7,6,5,,,,,,,,,,,,,,,,7,6,5,6,7,6,5,6,7,6,5,6,7,6,5,,,,,,,,,,,,,,,,,,,,,,,,,,,,,,,,,,,,,,,,,,,,,,6,7,6,7,6,7,6,7,6,7,6,7,6,7,6,6,7,6,5,6,7,6,5,6,7,6,5,6,7,6,5,6,7,6,5,6,7,6,5,6,7,6,5,6,7,,,,,,,,,,,,,,,,,,,,,,,,,,,,,,,,,,,,,,,,,,,,,,5,6,7,6,5,6,7,6,5,6,7,6,5,6,7,6,6,N,none,466375,67ccbdd9229ab8ea3a72d7fd,dog,dogs,UP,USED,USED,1,"<p></p><p></p><p>Now the dog follows the airport’s selection procedures and alerts when a passenger should be patted down and, in addition, uses different alerts for different selection criteria.</p>",USED,USED,3,USED,USED,USED,USED,4,USED,5,USED,2,FL_622,FL_17,FL_240,FL_422|FL_421|FL_420|FL_682|FL_423,FL_186,FL_202,FL_656,FL_689,,,,,,
5/7/25 10:29,5/7/25 10:43,IP Address,100,794,TRUE,5/7/25 10:43,R_2OrVgUw5ZDVXfnw,anonymous,EN,1,The fire fighter probably to put off the fire the man was running from since the building was getting very hot,7,7,-1,4,-1,6,7,-1,6,2,6,6,-1,-1,-1,1,7,7,-1,5,-1,7,7,5,6,-1,7,7,-1,-1,-1,0,0,0,0,0,7,7,5,-1,-1,6,6,4,4,6,6,6,-1,-1,-1,,,,,,,,,,,,,,,,,,,,,,,,,,,,,,,,,,,,,,,,,,,,,,1,1,1,1,6,5,5,-1,-1,4,5,5,5,1,4,4,-1,-1,-1,,,,,,,,,,,,,,,,,,,,,,,,,,,,,,,5,5,-1,-1,-1,4,5,2,4,-1,7,7,-1,-1,-1,,,,,,,,,,,,,,,,5,5,-1,-1,-1,5,5,-1,5,-1,3,4,-1,-1,-1,,,,,,,,,,,,,,,,,,,,,,,,,,,,,,,,,,,,,,,,,,,,,,6,6,-1,-1,-1,6,6,-1,3,-1,3,6,-1,-1,-1,5,5,-1,-1,-1,5,5,-1,1,-1,4,4,-1,-1,-1,,,,,,,,,,,,,,,,7,7,6,6,-1,7,7,6,6,-1,7,7,-1,7,-1,,,,,,,,,,,,,,,,,,,,,,,,,,,,,,,3,3,3,-1,-1,1,3,1,-1,-1,3,3,-1,-1,-1,6,5,N,no,869601,67446b2979e5ae261a69f29b,dog,dogs,DOWN,USED,USED,1,"<p></p><p></p><p>Now the dog follows the airport’s selection procedures and alerts when a passenger should be patted down but does not use different alerts for different selection criteria.
</p>",USED,USED,2,USED,USED,USED,USED,4,USED,5,USED,3,FL_622,FL_424,,,,,,,FL_978,FL_917|FL_860|FL_803|FL_746|FL_974,FL_753,FL_816,FL_876,FL_927
5/7/25 10:26,5/7/25 10:43,IP Address,100,988,TRUE,5/7/25 10:43,R_6IaNToPe8xZ8ty3,anonymous,EN,0.899999976,"Firefighters, because it sounds like there might be a fire or some other emergency that requires professional help.",7,7,4,7,7,7,7,7,4,4,7,7,4,7,4,1,7,7,4,7,6,7,7,7,4,4,7,7,4,7,4,0,0,0,0,0,6,6,6,6,6,6,6,6,4,4,6,7,6,6,4,,,,,,,,,,,,,,,,,,,,,,,,,,,,,,,,,,,,,,,,,,,,,,1,1,1,1,7,6,6,6,6,6,6,6,4,4,6,6,4,6,4,,,,,,,,,,,,,,,,7,7,4,6,7,4,7,4,4,4,7,7,4,7,4,,,,,,,,,,,,,,,,,,,,,,,,,,,,,,,7,7,4,6,7,7,7,7,4,4,7,7,4,7,4,,,,,,,,,,,,,,,,,,,,,,,,,,,,,,,6,6,4,6,6,4,6,6,6,4,6,6,4,6,4,,,,,,,,,,,,,,,,6,6,4,6,6,4,6,6,4,4,6,6,4,6,4,,,,,,,,,,,,,,,,,,,,,,,,,,,,,,,,,,,,,,,,,,,,,,7,7,4,7,7,5,7,5,4,4,7,7,4,7,4,7,7,4,7,7,5,7,7,4,4,7,7,4,7,4,4,4,N,,464977,67f2f188b1977c699d6f1dc5,robot,robots,UP,USED,USED,1,"<p></p><p></p><p>Now the robot follows the airport’s selection procedures and alerts when a passenger should be patted down and, in addition, uses different alerts for different selection criteria.</p>",USED,USED,2,USED,USED,USED,USED,3,USED,4,USED,5,FL_623,FL_17,FL_240,FL_420|FL_422|FL_682|FL_421|FL_423,FL_183,FL_199,FL_231,FL_698,,,,,,
5/7/25 10:29,5/7/25 10:44,IP Address,100,862,TRUE,5/7/25 10:44,R_6RLcq7MJ3XNSBrP,anonymous,EN,1,Fire extinguishers: because its seems the building was on fire,6,6,6,6,6,6,6,6,6,6,6,6,6,6,6,1,5,5,5,5,5,5,5,5,5,5,5,5,5,5,5,1,1,0,1,0,,,,,,,,,,,,,,,,6,6,6,6,6,6,6,6,6,6,6,6,6,6,6,,,,,,,,,,,,,,,,,,,,,,,,,,,,,,,1,1,1,1,3,3,3,3,3,3,3,3,3,3,3,3,3,3,3,5,5,5,5,5,5,5,5,5,5,5,5,5,5,5,,,,,,,,,,,,,,,,,,,,,,,,,,,,,,,,,,,,,,,,,,,,,,5,5,5,5,5,5,5,5,5,5,5,5,5,5,5,,,,,,,,,,,,,,,,,,,,,,,,,,,,,,,,,,,,,,,,,,,,,,7,7,7,7,7,7,7,7,7,7,7,7,7,7,7,5,5,5,5,5,5,5,5,5,5,5,5,5,5,5,,,,,,,,,,,,,,,,,,,,,,,,,,,,,,,6,6,6,6,6,6,6,6,6,6,6,6,6,6,6,,,,,,,,,,,,,,,,1,1,1,1,1,1,1,1,1,1,1,1,1,1,1,6,4,N,,478205,67eea025d0072241cf916e19,dog,dogs,DOWN,USED,USED,1,"<p></p><p></p><p>Now the dog follows the airport’s selection procedures and alerts when a passenger should be patted down but does not use different alerts for different selection criteria.
</p>",USED,USED,3,USED,USED,USED,USED,2,USED,5,USED,4,FL_622,FL_424,,,,,,,FL_978,FL_917|FL_803|FL_746|FL_860|FL_974,FL_756,FL_810,FL_876,FL_930
5/7/25 10:26,5/7/25 10:44,IP Address,100,1098,TRUE,5/7/25 10:44,R_82VWlHYEoVsqP4Y,anonymous,EN,0.899999976,firefighter,7,7,7,7,-1,7,7,-1,7,-1,7,7,-1,7,7,1,2,2,2,2,-1,1,3,-1,-1,-1,1,3,1,1,1,1,1,1,1,1,,,,,,,,,,,,,,,,7,7,-1,-1,-1,7,7,-1,-1,-1,7,7,-1,7,-1,,,,,,,,,,,,,,,,,,,,,,,,,,,,,,,1,1,1,1,1,3,1,1,-1,0,5,-1,1,-1,1,4,1,2,1,6,6,6,6,-1,6,6,-1,-1,-1,6,6,-1,6,6,,,,,,,,,,,,,,,,,,,,,,,,,,,,,,,,,,,,,,,,,,,,,,4,5,5,5,-1,5,5,-1,-1,-1,5,5,-1,5,5,,,,,,,,,,,,,,,,,,,,,,,,,,,,,,,,,,,,,,,,,,,,,,7,7,7,7,-1,7,6,-1,-1,-1,7,7,-1,7,7,0,0,0,0,0,0,0,0,0,0,0,0,0,0,0,,,,,,,,,,,,,,,,,,,,,,,,,,,,,,,6,6,6,6,6,6,6,-1,-1,-1,7,6,-1,6,6,,,,,,,,,,,,,,,,0,1,0,0,0,0,1,0,0,0,0,0,0,0,0,,,N,,374296,62c5d0cfdf443d24e054d302,person,people,DOWN,USED,USED,1,"<p></p><p></p><p>Now the person follows the airport’s selection procedures and alerts when a passenger should be patted down but does not use different alerts for different selection criteria.
</p>",USED,USED,3,USED,USED,USED,USED,2,USED,5,USED,4,FL_624,FL_424,,,,,,,FL_978,FL_746|FL_917|FL_860|FL_803|FL_974,FL_756,FL_810,FL_876,FL_930
5/7/25 10:27,5/7/25 10:44,IP Address,100,1028,TRUE,5/7/25 10:44,R_33WuQBsEbxHzdtk,anonymous,EN,1,A man because it was on fire,4,4,2,-1,2,2,2,2,-1,2,1,1,0,-1,1,1,5,3,2,-1,2,2,2,2,-1,2,3,3,2,-1,2,1,0,1,1,1,,,,,,,,,,,,,,,,,,,,,,,,,,,,,,,5,6,5,-1,5,5,5,-1,-1,5,5,5,4,-1,4,,,,,,,,,,,,,,,,1,0,1,1,7,7,7,-1,7,6,6,-1,-1,6,6,6,-1,-1,6,4,5,4,-1,5,3,4,-1,3,5,5,5,-1,-1,5,,,,,,,,,,,,,,,,,,,,,,,,,,,,,,,,,,,,,,,,,,,,,,6,6,6,-1,6,6,6,-1,-1,6,7,7,-1,-1,6,,,,,,,,,,,,,,,,0,0,4,4,0,1,2,0,0,0,6,5,0,0,0,,,,,,,,,,,,,,,,,,,,,,,,,,,,,,,1,1,0,0,5,1,2,1,0,1,2,2,1,0,2,,,,,,,,,,,,,,,,,,,,,,,,,,,,,,,,,,,,,,,,,,,,,,6,6,-1,-1,-1,6,6,-1,-1,-1,6,6,-1,-1,-1,7,7,-1,-1,-1,6,6,-1,-1,-1,6,6,-1,-1,-1,2,1,N,,23009,59e996863e4b5a00016aa699,robot,robots,UP,USED,USED,1,"<p></p><p></p><p>Now the robot follows the airport’s selection procedures and alerts when a passenger should be patted down and, in addition, uses different alerts for different selection criteria.</p>",USED,USED,4,USED,USED,USED,USED,2,USED,3,USED,5,FL_623,FL_17,FL_240,FL_422|FL_682|FL_421|FL_420|FL_423,FL_189,FL_196,FL_228,FL_698,,,,,,
5/7/25 10:30,5/7/25 10:45,IP Address,100,888,TRUE,5/7/25 10:45,R_3feu5laK19Hn4qP,anonymous,EN,0.899999976,ic so as to regulate the heat,7,7,7,7,7,4,6,6,6,6,6,6,6,6,6,1,6,6,6,6,6,6,6,6,6,6,5,6,6,6,6,1,1,1,1,1,,,,,,,,,,,,,,,,7,7,7,7,7,7,7,7,7,7,7,7,7,7,7,,,,,,,,,,,,,,,,,,,,,,,,,,,,,,,1,1,1,1,7,7,7,7,7,7,7,7,7,7,7,7,7,7,7,,,,,,,,,,,,,,,,,,,,,,,,,,,,,,,6,6,6,6,6,6,6,6,6,6,6,6,6,6,6,,,,,,,,,,,,,,,,6,6,6,6,6,6,6,6,6,6,6,6,6,6,6,,,,,,,,,,,,,,,,,,,,,,,,,,,,,,,,,,,,,,,,,,,,,,6,6,6,5,6,5,6,6,6,6,6,6,6,6,6,7,7,7,7,7,7,7,7,7,7,7,7,7,7,7,7,7,7,7,7,7,7,7,7,7,7,7,7,7,7,,,,,,,,,,,,,,,,,,,,,,,,,,,,,,,,,,,,,,,,,,,,,,7,7,7,7,7,7,7,7,7,7,7,7,7,7,7,6,6,N,no comment,572690,67d232491fcc58c4a4519aef,robot,robots,UP,USED,USED,1,"<p></p><p></p><p>Now the robot follows the airport’s selection procedures and alerts when a passenger should be patted down and, in addition, uses different alerts for different selection criteria.</p>",USED,USED,3,USED,USED,USED,USED,4,USED,5,USED,2,FL_623,FL_17,FL_240,FL_422|FL_682|FL_420|FL_421|FL_423,FL_186,FL_202,FL_656,FL_689,,,,,,
5/7/25 10:28,5/7/25 10:46,IP Address,100,1037,TRUE,5/7/25 10:46,R_2QiUNroxM3H7O4C,anonymous,EN,1,"Emergency responders, like firefighters, would likely arrive to handle the situation and ensure safety.",5,6,6,6,5,6,6,5,6,6,5,6,6,5,6,1,7,7,7,6,7,6,7,6,7,6,7,6,7,6,7,0,1,0,0,1,,,,,,,,,,,,,,,,,,,,,,,,,,,,,,,6,7,7,5,7,7,7,5,7,7,7,7,7,7,5,,,,,,,,,,,,,,,,1,1,1,1,7,7,7,7,7,7,7,7,7,7,7,7,7,7,7,,,,,,,,,,,,,,,,,,,,,,,,,,,,,,,,,,,,,,,,,,,,,,5,6,7,5,6,6,5,6,5,6,6,7,7,6,7,7,7,6,6,6,6,6,6,7,6,7,6,7,6,7,4,5,7,5,5,5,7,6,6,5,6,6,5,6,7,,,,,,,,,,,,,,,,,,,,,,,,,,,,,,,,,,,,,,,,,,,,,,5,6,6,7,6,6,7,6,7,7,6,7,7,7,7,,,,,,,,,,,,,,,,7,7,7,6,7,7,7,7,7,6,7,7,7,7,7,,,,,,,,,,,,,,,,,,,,,,,,,,,,,,,7,7,7,7,7,7,7,7,7,7,7,7,7,7,7,5,4,N,,460014,678f37dceafba1ef04919fec,robot,robots,UP,USED,USED,1,"<p></p><p></p><p>Now the robot follows the airport’s selection procedures and alerts when a passenger should be patted down and, in addition, uses different alerts for different selection criteria.</p>",USED,USED,4,USED,USED,USED,USED,5,USED,2,USED,3,FL_623,FL_17,FL_240,FL_420|FL_422|FL_682|FL_421|FL_423,FL_189,FL_644,FL_225,FL_692,,,,,,
5/7/25 10:28,5/7/25 10:47,IP Address,100,1151,TRUE,5/7/25 10:47,R_8JUYAqBq9MPNWgF,anonymous,EN,1,I would expect the fire brigade to arrive as it sounds like the building is on fire.,5,5,-1,-1,-1,5,6,-1,5,-1,5,5,-1,5,-1,1,6,6,-1,-1,-1,6,7,-1,5,-1,6,6,-1,5,-1,1,1,1,1,1,6,6,-1,-1,6,6,6,-1,5,7,5,7,-1,6,7,,,,,,,,,,,,,,,,,,,,,,,,,,,,,,,,,,,,,,,,,,,,,,1,1,1,1,7,7,-1,-1,5,7,6,-1,6,7,7,7,-1,6,7,,,,,,,,,,,,,,,,,,,,,,,,,,,,,,,,,,,,,,,,,,,,,,6,6,-1,-1,-1,6,7,-1,5,6,6,6,-1,5,5,7,7,-1,-1,6,7,7,-1,5,5,7,7,-1,5,5,,,,,,,,,,,,,,,,5,4,-1,-1,5,5,5,-1,5,5,4,5,-1,5,-1,,,,,,,,,,,,,,,,,,,,,,,,,,,,,,,6,6,-1,-1,5,6,6,-1,5,5,6,6,-1,5,-1,,,,,,,,,,,,,,,,,,,,,,,,,,,,,,,5,5,-1,-1,5,5,6,-1,5,6,4,6,-1,5,6,,,,,,,,,,,,,,,,6,6,-1,-1,5,6,6,-1,5,6,5,6,-1,5,6,2,2,N,,890392,67dc687bd93f2802388b5117,dog,dogs,UP,USED,USED,1,"<p></p><p></p><p>Now the dog follows the airport’s selection procedures and alerts when a passenger should be patted down and, in addition, uses different alerts for different selection criteria.</p>",USED,USED,2,USED,USED,USED,USED,5,USED,3,USED,4,FL_622,FL_17,FL_240,FL_421|FL_420|FL_422|FL_682|FL_423,FL_183,FL_644,FL_228,FL_695,,,,,,
5/7/25 10:28,5/7/25 10:47,IP Address,100,1146,TRUE,5/7/25 10:47,R_3po6S6HFu5nOtKh,anonymous,EN,1,"Earlier, something like a delivery, repair, or visitor appointment might have been planned. Because of that, I would expect a maintenance worker, delivery person, or guest to come to the building. If a service was needed, a technician or contractor might show up. ",4,3,4,5,4,5,4,5,4,5,4,4,5,5,5,1,3,6,6,5,6,4,5,6,4,5,6,5,6,5,5,1,1,0,0,1,,,,,,,,,,,,,,,,,,,,,,,,,,,,,,,5,6,7,6,5,6,7,6,7,7,6,6,7,7,7,,,,,,,,,,,,,,,,1,1,1,1,4,5,6,4,5,6,5,6,4,5,5,4,5,4,4,7,7,6,5,6,6,4,6,5,7,7,6,7,7,7,,,,,,,,,,,,,,,,,,,,,,,,,,,,,,,,,,,,,,,,,,,,,,4,6,5,6,7,6,5,6,5,6,5,6,5,6,6,,,,,,,,,,,,,,,,,,,,,,,,,,,,,,,,,,,,,,,,,,,,,,6,7,7,-1,7,6,7,6,7,7,6,7,7,-1,7,6,7,7,7,6,7,7,6,6,7,6,7,6,7,7,,,,,,,,,,,,,,,,4,5,6,5,4,5,6,5,6,6,7,6,6,6,7,,,,,,,,,,,,,,,,,,,,,,,,,,,,,,,4,5,6,5,6,6,5,6,5,6,5,6,5,6,6,,,N,no please,891140,67168533669fab32329e1191,person,people,DOWN,USED,USED,1,"<p></p><p></p><p>Now the person follows the airport’s selection procedures and alerts when a passenger should be patted down but does not use different alerts for different selection criteria.
</p>",USED,USED,4,USED,USED,USED,USED,2,USED,5,USED,3,FL_624,FL_424,,,,,,,FL_978,FL_860|FL_746|FL_917|FL_803|FL_974,FL_759,FL_810,FL_876,FL_927
5/7/25 10:34,5/7/25 10:47,IP Address,100,807,TRUE,5/7/25 10:47,R_2Vr6uzAIEPs848Q,anonymous,EN,1,"I would expect firemen to arrive, as the building seems to be on fire.",7,7,4,5,-1,7,7,5,7,-1,7,7,5,5,-1,1,7,7,5,5,-1,7,7,5,7,-1,6,7,5,7,-1,1,1,1,0,0,,,,,,,,,,,,,,,,,,,,,,,,,,,,,,,7,7,4,5,7,7,6,6,7,7,7,7,5,7,7,,,,,,,,,,,,,,,,1,0,1,1,7,7,5,7,7,7,7,4,7,7,6,7,5,7,7,,,,,,,,,,,,,,,,6,6,5,5,7,7,6,4,7,6,6,6,4,7,5,,,,,,,,,,,,,,,,,,,,,,,,,,,,,,,5,5,4,5,6,5,5,5,6,6,5,5,4,5,4,7,7,5,7,7,7,5,4,7,7,7,7,5,6,7,,,,,,,,,,,,,,,,,,,,,,,,,,,,,,,,,,,,,,,,,,,,,,7,7,5,7,7,7,6,4,7,7,6,7,5,7,7,,,,,,,,,,,,,,,,,,,,,,,,,,,,,,,,,,,,,,,,,,,,,,7,6,5,7,5,6,7,5,7,5,7,6,4,7,5,6,6,4,5,5,6,7,5,7,5,6,6,5,7,5,7,7,N,No further comments.,356014,6405ea70e659d84377d7cdb1,dog,dogs,DOWN,USED,USED,1,"<p></p><p></p><p>Now the dog follows the airport’s selection procedures and alerts when a passenger should be patted down but does not use different alerts for different selection criteria.
</p>",USED,USED,4,USED,USED,USED,USED,3,USED,2,USED,5,FL_622,FL_424,,,,,,,FL_978,FL_803|FL_746|FL_917|FL_860|FL_974,FL_759,FL_813,FL_867,FL_933
5/7/25 10:34,5/7/25 10:48,IP Address,100,839,TRUE,5/7/25 10:48,R_81mkE6A1R7YXzxb,anonymous,EN,0.899999976,A man was in a building that was getting very hot so he escaped by running down the stairs in an attempt to get out. It is expected that firefighters would come after to put a fire out.,4,4,2,1,1,3,2,2,1,1,2,3,1,2,2,1,3,3,2,1,1,3,3,1,1,1,3,4,1,1,1,1,1,1,1,1,6,5,4,4,3,5,5,3,4,4,4,5,-1,3,4,,,,,,,,,,,,,,,,,,,,,,,,,,,,,,,,,,,,,,,,,,,,,,1,1,1,1,6,5,6,7,6,6,6,5,7,7,6,6,-1,7,6,,,,,,,,,,,,,,,,3,3,-1,4,-1,5,4,-1,-1,-1,4,5,-1,-1,-1,,,,,,,,,,,,,,,,,,,,,,,,,,,,,,,5,4,4,5,-1,6,4,-1,-1,-1,4,5,-1,-1,-1,,,,,,,,,,,,,,,,,,,,,,,,,,,,,,,,,,,,,,,,,,,,,,6,6,4,5,2,6,7,6,4,5,5,5,-1,4,5,5,5,4,4,-1,4,5,5,4,-1,-1,4,-1,-1,3,,,,,,,,,,,,,,,,,,,,,,,,,,,,,,,6,6,5,4,5,7,6,4,6,6,4,6,-1,6,5,,,,,,,,,,,,,,,,6,7,5,4,3,5,6,-1,4,4,3,6,-1,3,4,5,4,N,It was interesting.,204233,5e39e1e2c8aeb01fe7aca4b6,dog,dogs,UP,USED,USED,1,"<p></p><p></p><p>Now the dog follows the airport’s selection procedures and alerts when a passenger should be patted down and, in addition, uses different alerts for different selection criteria.</p>",USED,USED,2,USED,USED,USED,USED,3,USED,5,USED,4,FL_622,FL_17,FL_240,FL_682|FL_420|FL_422|FL_421|FL_423,FL_183,FL_199,FL_656,FL_695,,,,,,
5/7/25 10:28,5/7/25 10:50,IP Address,100,1301,TRUE,5/7/25 10:50,R_5YumlInrm8ofm5y,anonymous,EN,1,A firefighter or firefighters and other emergency services.,6,6,-1,-1,-1,6,6,-1,-1,-1,7,6,-1,-1,-1,1,5,5,-1,-1,-1,5,4,-1,-1,-1,3,4,-1,-1,-1,1,1,1,1,1,,,,,,,,,,,,,,,,,,,,,,,,,,,,,,,6,6,5,-1,4,4,4,4,4,3,4,4,5,4,3,,,,,,,,,,,,,,,,1,1,1,1,1,2,0,1,0,1,2,4,4,0,5,1,1,1,0,,,,,,,,,,,,,,,,2,2,1,-1,-1,0,4,-1,-1,-1,2,1,-1,-1,-1,,,,,,,,,,,,,,,,,,,,,,,,,,,,,,,0,0,2,4,-1,0,0,-1,-1,-1,0,0,0,-1,0,,,,,,,,,,,,,,,,,,,,,,,,,,,,,,,,,,,,,,,,,,,,,,7,7,4,4,4,7,7,4,4,4,7,7,4,4,4,3,3,0,4,0,3,7,4,7,0,1,7,0,7,0,3,3,3,4,3,3,2,4,2,2,1,2,3,2,0,,,,,,,,,,,,,,,,,,,,,,,,,,,,,,,,,,,,,,,,,,,,,,3,2,3,2,3,2,2,5,2,3,2,2,3,1,1,,,N,,181282,6761fa4b6a3d4e524e46d572,person,people,DOWN,USED,USED,1,"<p></p><p></p><p>Now the person follows the airport’s selection procedures and alerts when a passenger should be patted down but does not use different alerts for different selection criteria.
</p>",USED,USED,4,USED,USED,USED,USED,3,USED,5,USED,2,FL_624,FL_424,,,,,,,FL_978,FL_860|FL_746|FL_917|FL_803|FL_974,FL_759,FL_813,FL_876,FL_924
5/7/25 10:27,5/7/25 10:55,IP Address,100,1668,TRUE,5/7/25 10:55,R_2cxNSPzz13o5YEV,anonymous,EN,1,There was a man who escaped down the stairs to get away from the fire and into safety.,7,6,5,5,5,5,5,6,6,7,7,7,7,-1,-1,1,7,6,6,6,6,6,6,7,7,7,7,7,-1,-1,-1,1,1,1,1,0,,,,,,,,,,,,,,,,,,,,,,,,,,,,,,,,,,,,,,,,,,,,,,7,6,6,6,7,7,6,6,6,6,7,6,6,7,7,1,0,1,1,7,6,6,6,6,7,7,6,6,6,6,6,7,7,7,-1,7,6,5,5,5,6,6,5,5,6,6,6,7,-1,,,,,,,,,,,,,,,,,,,,,,,,,,,,,,,,,,,,,,,,,,,,,,7,6,6,6,6,7,7,7,6,6,7,7,6,6,7,,,,,,,,,,,,,,,,6,4,4,5,6,5,5,4,5,4,5,4,4,5,4,,,,,,,,,,,,,,,,,,,,,,,,,,,,,,,5,6,5,4,4,4,4,5,5,4,4,5,5,5,6,,,,,,,,,,,,,,,,,,,,,,,,,,,,,,,7,6,5,5,5,4,4,4,3,3,4,4,5,5,6,,,,,,,,,,,,,,,,7,6,5,5,5,5,5,7,5,5,6,6,6,6,7,5,1,N,Thanks,693081,63fbd3e8b4865c6e1fb04614,robot,robots,UP,USED,USED,1,"<p></p><p></p><p>Now the robot follows the airport’s selection procedures and alerts when a passenger should be patted down and, in addition, uses different alerts for different selection criteria.</p>",USED,USED,5,USED,USED,USED,USED,2,USED,3,USED,4,FL_623,FL_17,FL_240,FL_422|FL_682|FL_421|FL_420|FL_423,FL_634,FL_196,FL_228,FL_695,,,,,,
5/7/25 10:28,5/7/25 10:59,IP Address,100,1843,TRUE,5/7/25 10:59,R_8KDgYQWeV7VLA9T,anonymous,EN,0.899999976,Fire brigade ,5,5,4,3,3,4,6,4,4,3,4,4,3,4,3,1,4,4,3,6,3,4,4,4,4,4,5,4,4,5,5,1,1,1,1,1,,,,,,,,,,,,,,,,,,,,,,,,,,,,,,,,,,,,,,,,,,,,,,7,7,6,6,7,7,7,7,7,6,7,7,6,6,4,1,1,1,1,7,7,7,7,7,7,7,7,6,5,7,7,5,5,6,6,6,5,5,5,5,5,5,5,5,5,5,5,5,5,,,,,,,,,,,,,,,,,,,,,,,,,,,,,,,,,,,,,,,,,,,,,,6,6,6,6,6,6,6,6,6,6,6,6,5,5,6,,,,,,,,,,,,,,,,,,,,,,,,,,,,,,,6,6,6,4,4,5,6,5,5,5,5,5,4,5,5,,,,,,,,,,,,,,,,5,5,6,6,5,5,5,6,5,5,7,6,5,4,5,,,,,,,,,,,,,,,,7,7,5,7,6,7,7,5,5,5,7,7,4,4,4,,,,,,,,,,,,,,,,,,,,,,,,,,,,,,,7,7,5,7,5,7,7,4,4,4,7,7,4,5,4,3,3,N,,275035,5e1b2b3e4a955b350b1e0a63,robot,robots,UP,USED,USED,1,"<p></p><p></p><p>Now the robot follows the airport’s selection procedures and alerts when a passenger should be patted down and, in addition, uses different alerts for different selection criteria.</p>",USED,USED,5,USED,USED,USED,USED,2,USED,4,USED,3,FL_623,FL_17,FL_240,FL_420|FL_421|FL_422|FL_682|FL_423,FL_634,FL_196,FL_231,FL_692,,,,,,
5/7/25 11:30,5/7/25 11:38,IP Address,100,476,TRUE,5/7/25 11:38,R_5SEr3Qq60fTIWit,anonymous,EN,1,fire engine to put the fire out,6,6,-1,5,-1,6,6,-1,6,-1,7,7,-1,-1,-1,1,5,6,-1,-1,-1,6,6,-1,-1,-1,6,6,-1,-1,-1,1,0,1,1,,,,,,,,,,,,,,,,,,,,,,,,,,,,,,,,,,,,,,,,,,,,,,,,,,,,,,,,,,,,,,1,1,1,,6,7,-1,-1,-1,7,7,-1,-1,-1,6,7,-1,-1,-1,,,,,,,,,,,,,,,,7,7,-1,-1,-1,7,7,-1,6,-1,7,7,-1,-1,-1,,,,,,,,,,,,,,,,,,,,,,,,,,,,,,,6,6,-1,-1,-1,5,7,-1,-1,-1,6,7,-1,-1,-1,,,,,,,,,,,,,,,,,,,,,,,,,,,,,,,6,6,-1,-1,-1,6,7,-1,-1,6,6,6,-1,-1,6,,,,,,,,,,,,,,,,7,7,-1,-1,-1,6,6,7,7,7,6,6,-1,-1,6,7,7,-1,-1,-1,6,6,-1,6,6,6,6,-1,-1,7,,,,,,,,,,,,,,,,,,,,,,,,,,,,,,,,,,,,,,,,,,,,,,7,7,7,-1,-1,7,6,7,7,6,7,7,7,7,6,,,N,,89530,63ed50df25d0ea08696b393f,person,people,DOWN,USED,USED,1,"<p></p><p>Now the person correctly searches for the explosives less often, only about 75% of the time.</p>",USED,USED,,USED,USED,,USED,3,USED,4,USED,2,FL_624,FL_424,,,,,,,FL_978,FL_974|FL_917|FL_860|FL_803|FL_746,,FL_813,FL_873,FL_924
5/7/25 11:32,5/7/25 11:39,IP Address,100,395,TRUE,5/7/25 11:39,R_5hKlHAvsF3UokvR,anonymous,EN,1,Firefighters because the building is on fire.,5,5,3,2,4,5,5,5,4,4,7,5,2,4,2,1,5,5,5,5,4,5,5,5,4,4,7,6,4,4,5,1,1,1,1,1,,,,,,,,,,,,,,,,7,7,7,-1,-1,7,7,7,-1,-1,7,7,-1,-1,-1,,,,,,,,,,,,,,,,,,,,,,,,,,,,,,,1,1,1,1,0,0,0,0,0,0,0,0,0,0,0,0,0,0,0,,,,,,,,,,,,,,,,,,,,,,,,,,,,,,,,,,,,,,,,,,,,,,4,4,-1,7,4,5,5,5,-1,-1,5,5,-1,5,-1,3,3,4,4,4,1,2,4,-1,-1,2,4,-1,-1,-1,,,,,,,,,,,,,,,,,,,,,,,,,,,,,,,7,7,-1,-1,-1,7,7,-1,7,7,7,7,-1,7,7,,,,,,,,,,,,,,,,5,5,-1,-1,-1,3,5,5,5,5,5,5,-1,1,3,7,7,-1,-1,-1,7,7,-1,7,7,7,7,7,7,7,,,,,,,,,,,,,,,,,,,,,,,,,,,,,,,,,,,,,,,,,,,,,,1,3,3,1,1,2,2,1,1,3,3,3,3,3,0,,,N,,676637,6110c2cfabbc0f1a061ad753,person,people,DOWN,USED,USED,1,"<p></p><p>Now the person follows the explosive detection protocols, and also leaves the location before everyone is safe.</p>",USED,USED,3,USED,USED,USED,USED,5,USED,4,USED,2,FL_624,FL_424,,,,,,,FL_978,FL_974|FL_803|FL_860|FL_917|FL_746,FL_756,FL_819,FL_873,FL_924
5/7/25 11:29,5/7/25 11:40,IP Address,100,605,TRUE,5/7/25 11:40,R_5OTjmF4cP8FFIo9,anonymous,EN,1,a man because the building is on fire maybe or just getting really too hot,6,6,1,2,0,7,4,4,7,0,6,6,0,7,0,1,4,4,0,0,0,4,4,4,-1,-1,2,4,0,7,-1,1,1,1,1,1,,,,,,,,,,,,,,,,4,4,-1,7,-1,4,4,-1,-1,-1,7,4,-1,-1,-1,,,,,,,,,,,,,,,,,,,,,,,,,,,,,,,1,1,1,1,7,7,-1,7,-1,7,7,-1,-1,-1,7,7,-1,-1,-1,,,,,,,,,,,,,,,,,,,,,,,,,,,,,,,,,,,,,,,,,,,,,,6,6,-1,4,-1,6,6,-1,-1,-1,6,6,-1,-1,-1,7,7,-1,-1,-1,7,7,-1,-1,-1,7,7,-1,-1,-1,,,,,,,,,,,,,,,,,,,,,,,,,,,,,,,1,1,4,4,-1,2,2,-1,0,-1,0,2,4,0,-1,,,,,,,,,,,,,,,,2,2,4,-1,-1,5,5,5,0,-1,5,5,-1,0,-1,2,4,-1,1,-1,3,4,1,0,-1,2,6,-1,0,-1,,,,,,,,,,,,,,,,,,,,,,,,,,,,,,,,,,,,,,,,,,,,,,2,5,-1,1,-1,6,4,-1,0,-1,5,5,-1,0,-1,3,1,N,,200876,6740de2c87e1a486431b2678,robot,robots,UP,USED,USED,1,"<p></p><p>Now the robot follows the explosive detection protocols, and also stays at the location until everyone is safe.</p>",USED,USED,3,USED,USED,USED,USED,5,USED,4,USED,2,FL_623,FL_17,FL_240,FL_423|FL_422|FL_682|FL_421|FL_420,FL_186,FL_644,FL_231,FL_689,,,,,,
5/7/25 11:30,5/7/25 11:40,IP Address,100,622,TRUE,5/7/25 11:40,R_7qBUqh0nRlaOlp4,anonymous,EN,1,It seems the building may have been on fire and the man was attempting to get out. ,5,5,4,-1,-1,6,6,-1,-1,1,6,6,-1,-1,-1,1,5,5,-1,-1,-1,6,6,-1,-1,1,6,7,-1,-1,-1,1,1,1,1,1,6,6,-1,-1,7,7,6,-1,-1,1,6,6,-1,-1,3,,,,,,,,,,,,,,,,,,,,,,,,,,,,,,,,,,,,,,,,,,,,,,1,1,1,1,7,7,-1,-1,4,7,6,-1,-1,2,7,6,-1,-1,2,,,,,,,,,,,,,,,,,,,,,,,,,,,,,,,,,,,,,,,,,,,,,,6,6,-1,-1,-1,6,7,-1,-1,-1,6,6,-1,-1,-1,5,5,-1,-1,-1,5,6,-1,-1,-1,5,6,-1,-1,-1,,,,,,,,,,,,,,,,,,,,,,,,,,,,,,,6,6,-1,-1,5,7,6,-1,-1,4,6,7,-1,-1,-1,,,,,,,,,,,,,,,,4,5,2,-1,4,3,6,-1,-1,4,4,7,-1,-1,-1,,,,,,,,,,,,,,,,6,6,-1,-1,-1,7,7,-1,-1,-1,7,7,-1,-1,-1,,,,,,,,,,,,,,,,,,,,,,,,,,,,,,,5,6,-1,-1,-1,6,6,-1,-1,-1,7,5,-1,-1,-1,2,2,N,,624987,66c4a32221f616ebf48ab21d,dog,dogs,DOWN,USED,USED,1,"<p></p><p>Now the dog correctly identifies skin diseases less often, in about 75% of the cases.</p>",USED,USED,2,USED,USED,USED,USED,5,USED,4,USED,3,FL_622,FL_424,,,,,,,FL_978,FL_974|FL_917|FL_746|FL_860|FL_803,FL_753,FL_819,FL_873,FL_927
5/7/25 11:34,5/7/25 11:41,IP Address,100,435,TRUE,5/7/25 11:41,R_6CrDtXdBOmpIvuA,anonymous,EN,1,Fireman to put a fire out,7,7,7,7,-1,7,7,-1,-1,-1,7,7,-1,-1,-1,1,7,7,-1,7,-1,7,7,-1,-1,-1,7,7,-1,-1,-1,0,0,0,1,0,7,7,-1,-1,-1,7,7,-1,-1,7,7,7,-1,-1,-1,,,,,,,,,,,,,,,,,,,,,,,,,,,,,,,,,,,,,,,,,,,,,,1,1,1,1,7,7,-1,-1,-1,7,7,-1,-1,7,7,7,-1,-1,-1,,,,,,,,,,,,,,,,,,,,,,,,,,,,,,,,,,,,,,,,,,,,,,7,7,-1,-1,-1,7,7,-1,-1,-1,7,7,-1,-1,-1,5,5,-1,-1,-1,5,5,-1,-1,-1,5,5,-1,-1,-1,,,,,,,,,,,,,,,,7,7,-1,-1,-1,7,7,-1,-1,-1,7,7,-1,-1,-1,,,,,,,,,,,,,,,,,,,,,,,,,,,,,,,7,7,-1,-1,-1,7,7,-1,-1,-1,7,7,-1,-1,-1,,,,,,,,,,,,,,,,,,,,,,,,,,,,,,,7,7,-1,7,-1,7,7,-1,7,7,7,7,-1,-1,-1,,,,,,,,,,,,,,,,0,0,-1,-1,-1,0,-1,-1,-1,-1,-1,-1,-1,-1,-1,5,6,N,,633188,66e42249ff3f1be588b9bf04,dog,dogs,DOWN,USED,USED,1,<p></p><p>Now the dog provides emotional support to older adults who request support but ignores everyone else.</p>,USED,USED,2,USED,USED,USED,USED,5,USED,3,USED,4,FL_622,FL_424,,,,,,,FL_978,FL_974|FL_917|FL_803|FL_860|FL_746,FL_753,FL_819,FL_870,FL_930
5/7/25 11:32,5/7/25 11:41,IP Address,100,563,TRUE,5/7/25 11:41,R_322XfXX7z6EGP0P,anonymous,EN,1,"the fire department, because there is likely a fire.",7,7,-1,3,-1,6,6,-1,6,-1,6,6,-1,7,-1,1,5,4,-1,3,-1,5,6,-1,4,-1,3,6,-1,4,-1,1,1,1,0,1,7,7,-1,7,6,7,5,-1,7,6,7,7,-1,7,-1,,,,,,,,,,,,,,,,,,,,,,,,,,,,,,,,,,,,,,,,,,,,,,1,1,1,1,7,7,-1,7,6,7,6,-1,7,6,7,7,-1,7,-1,,,,,,,,,,,,,,,,,,,,,,,,,,,,,,,,,,,,,,,,,,,,,,6,6,-1,7,-1,6,7,-1,7,-1,7,7,-1,7,-1,5,5,-1,7,-1,5,5,-1,7,-1,5,5,-1,7,-1,,,,,,,,,,,,,,,,5,5,-1,6,-1,5,6,-1,7,-1,6,6,-1,7,-1,,,,,,,,,,,,,,,,,,,,,,,,,,,,,,,6,6,-1,7,6,6,6,-1,7,-1,7,7,-1,7,-1,,,,,,,,,,,,,,,,,,,,,,,,,,,,,,,7,6,-1,5,7,7,4,-1,7,7,7,7,-1,7,-1,,,,,,,,,,,,,,,,3,2,-1,7,7,3,-1,-1,7,7,7,6,-1,7,-1,5,3,N,,814987,6787084af5abb0aa321e6b08,dog,dogs,DOWN,USED,USED,1,<p></p><p>Now the dog provides emotional support to older adults who request support but ignores everyone else.</p>,USED,USED,2,USED,USED,USED,USED,5,USED,3,USED,4,FL_622,FL_424,,,,,,,FL_978,FL_974|FL_917|FL_860|FL_803|FL_746,FL_753,FL_819,FL_870,FL_930
5/7/25 11:30,5/7/25 11:41,IP Address,100,644,TRUE,5/7/25 11:41,R_32R9lzs0Met6b6h,anonymous,EN,1,THE FIRE BRIGADE to put out a fire,6,7,7,6,5,7,7,6,5,6,7,7,7,7,7,1,7,7,6,7,5,7,7,6,7,5,7,7,7,6,7,1,1,1,1,1,,,,,,,,,,,,,,,,,,,,,,,,,,,,,,,5,7,6,5,5,6,5,7,5,5,6,6,5,5,-1,,,,,,,,,,,,,,,,1,0,1,1,6,6,5,5,6,7,6,7,6,6,7,6,6,7,7,5,5,7,6,6,7,6,5,5,7,7,6,7,7,7,,,,,,,,,,,,,,,,,,,,,,,,,,,,,,,,,,,,,,,,,,,,,,7,7,6,7,7,6,7,6,7,6,7,7,6,7,7,,,,,,,,,,,,,,,,7,6,7,4,7,6,7,7,7,5,7,7,6,7,6,,,,,,,,,,,,,,,,,,,,,,,,,,,,,,,6,6,6,4,6,6,6,6,7,6,5,6,6,5,6,,,,,,,,,,,,,,,,,,,,,,,,,,,,,,,,,,,,,,,,,,,,,,6,6,7,7,7,6,6,7,7,7,6,6,7,7,7,6,6,7,7,7,7,6,6,7,7,6,6,7,7,7,0,0,N,,850599,55146e64fdf99b253d5b1c5d,robot,robots,UP,USED,USED,1,"<p></p><p>Now the robot complies with most of the explosive detection protocols, and also performs an additional search of the area if lives are in danger.</p>",USED,USED,4,USED,USED,USED,USED,2,USED,3,USED,5,FL_623,FL_17,FL_240,FL_423|FL_421|FL_682|FL_420|FL_422,FL_189,FL_196,FL_228,FL_698,,,,,,
5/7/25 11:33,5/7/25 11:41,IP Address,100,497,TRUE,5/7/25 11:41,R_1B424JcnA8JhKTE,anonymous,EN,0.699999988,Firefigher to put out the fire,7,7,7,7,6,7,6,7,7,7,7,7,7,7,7,1,7,7,7,7,7,7,7,7,7,7,7,7,7,7,7,0,0,,1,1,,,,,,,,,,,,,,,,,,,,,,,,,,,,,,,,,,,,,,,,,,,,,,7,7,7,7,7,7,7,7,7,7,7,7,7,7,7,1,,1,1,1,1,1,1,1,1,1,1,1,1,1,1,1,1,1,,,,,,,,,,,,,,,,,,,,,,,,,,,,,,,5,5,5,5,5,5,5,5,5,5,5,5,5,5,5,,,,,,,,,,,,,,,,3,3,3,3,3,3,3,3,3,3,3,3,3,3,3,7,7,7,7,7,7,7,7,7,7,7,7,7,7,7,,,,,,,,,,,,,,,,,,,,,,,,,,,,,,,,,,,,,,,,,,,,,,7,7,7,7,7,7,7,7,7,7,7,7,7,7,7,,,,,,,,,,,,,,,,,,,,,,,,,,,,,,,,,,,,,,,,,,,,,,7,7,7,7,7,7,7,7,7,7,7,7,7,7,7,1,1,1,1,1,1,1,1,1,1,1,1,1,1,1,5,5,N,no,187318,67cfbb1905a3cee07823adec,robot,robots,DOWN,USED,USED,1,"<p></p><p>Now the robot provides comfort to the children less often, only about 75% of the time.</p>",USED,USED,5,,USED,USED,USED,4,USED,2,USED,5,FL_623,FL_424,,,,,,,FL_978,FL_974|FL_917|FL_746|FL_860|FL_803,FL_762,FL_816,FL_867,FL_933
5/7/25 11:30,5/7/25 11:42,IP Address,100,700,TRUE,5/7/25 11:42,R_3hzHzW7bLj4qo5A,anonymous,EN,1,Fire Dept because of a fire,7,7,-1,6,6,7,7,-1,7,7,7,7,-1,7,-1,1,7,7,-1,7,7,7,7,-1,7,7,7,7,-1,7,-1,0,0,0,1,0,7,7,7,7,7,7,7,7,7,7,7,7,-1,7,7,,,,,,,,,,,,,,,,,,,,,,,,,,,,,,,,,,,,,,,,,,,,,,1,1,1,1,7,7,-1,7,7,7,7,-1,7,7,7,7,-1,7,7,,,,,,,,,,,,,,,,,,,,,,,,,,,,,,,5,5,-1,5,5,5,5,5,5,5,5,5,-1,5,5,,,,,,,,,,,,,,,,7,7,-1,7,7,7,7,7,7,7,7,7,-1,7,7,,,,,,,,,,,,,,,,6,6,-1,6,6,6,6,6,6,-1,6,6,-1,6,-1,,,,,,,,,,,,,,,,,,,,,,,,,,,,,,,6,6,-1,6,6,6,6,6,6,6,6,6,-1,6,-1,,,,,,,,,,,,,,,,,,,,,,,,,,,,,,,,,,,,,,,,,,,,,,7,7,-1,7,7,7,7,-1,7,7,7,7,-1,7,7,7,7,-1,7,7,7,7,7,7,7,7,7,-1,7,7,4,5,N,,16330,6750aea36bf01777442ee6a5,dog,dogs,UP,USED,USED,1,"<p></p><p>Now the dog provides comfort to the children even more often, about 95% of the time.</p>",USED,USED,2,USED,USED,USED,USED,4,USED,3,USED,5,FL_622,FL_17,FL_240,FL_423|FL_420|FL_682|FL_422|FL_421,FL_183,FL_202,FL_228,FL_698,,,,,,
5/7/25 11:32,5/7/25 11:43,IP Address,100,665,TRUE,5/7/25 11:43,R_6OiDuSnGskVXVgD,anonymous,EN,1,I would expect a fire crew to come to the building to put out a fire!,6,6,-1,7,6,6,6,-1,6,-1,6,6,-1,-1,6,1,5,5,-1,5,5,5,5,-1,5,5,5,5,-1,-1,5,0,1,0,0,0,,,,,,,,,,,,,,,,,,,,,,,,,,,,,,,,,,,,,,,,,,,,,,6,6,-1,6,6,6,6,-1,6,6,6,6,-1,6,6,1,1,1,1,6,6,-1,6,-1,6,6,-1,6,6,6,6,-1,6,6,6,6,-1,6,-1,6,6,-1,6,6,6,6,-1,6,6,,,,,,,,,,,,,,,,,,,,,,,,,,,,,,,,,,,,,,,,,,,,,,5,5,-1,5,-1,5,5,-1,5,5,5,5,-1,5,5,,,,,,,,,,,,,,,,4,4,-1,4,-1,4,4,-1,4,-1,3,4,-1,-1,4,,,,,,,,,,,,,,,,,,,,,,,,,,,,,,,4,4,-1,4,-1,4,4,-1,4,4,4,4,-1,4,4,,,,,,,,,,,,,,,,,,,,,,,,,,,,,,,6,6,-1,6,-1,6,6,6,6,6,6,6,-1,6,6,,,,,,,,,,,,,,,,4,4,-1,4,-1,4,4,-1,4,4,4,4,-1,4,4,5,6,N,,733293,60e845f301f5a5901200baf4,dog,dogs,DOWN,USED,USED,1,"<p></p><p>A new rule says that the dog should not approach children who are very young. Now the dog still provides comfort to the children most of the time, but also continues to approach very young children in the hospital.</p><div><br></div>",USED,USED,5,USED,USED,USED,USED,2,USED,3,USED,4,FL_622,FL_424,,,,,,,FL_978,FL_974|FL_746|FL_803|FL_860|FL_917,FL_762,FL_810,FL_870,FL_930
5/7/25 11:30,5/7/25 11:43,IP Address,100,743,TRUE,5/7/25 11:43,R_6Y3511QFKdXyV9p,anonymous,EN,1,Maybe the building was on fire as it was getting hot and a man was trying to escape from a building. I would expect the fire brigade to come and investigate and put the fire out. ,5,5,4,5,1,5,6,5,-1,-1,5,5,4,5,-1,1,5,6,3,5,1,5,6,5,-1,-1,5,5,4,5,-1,1,1,0,1,1,5,6,5,5,0,6,6,5,-1,6,6,6,5,5,6,,,,,,,,,,,,,,,,,,,,,,,,,,,,,,,,,,,,,,,,,,,,,,1,1,1,1,6,6,5,5,0,6,6,5,-1,6,6,6,4,5,6,,,,,,,,,,,,,,,,5,5,4,5,0,5,6,5,-1,-1,5,5,4,5,-1,,,,,,,,,,,,,,,,,,,,,,,,,,,,,,,6,6,5,6,0,6,7,5,-1,-1,6,6,4,5,-1,,,,,,,,,,,,,,,,,,,,,,,,,,,,,,,,,,,,,,,,,,,,,,6,6,5,6,0,6,6,6,-1,-1,6,6,4,5,-1,6,6,5,6,0,6,6,6,-1,-1,6,5,4,5,-1,,,,,,,,,,,,,,,,,,,,,,,,,,,,,,,5,5,3,5,0,5,5,5,-1,-1,6,6,4,5,-1,,,,,,,,,,,,,,,,5,6,5,5,0,5,6,5,-1,-1,5,6,5,5,-1,2,1,N,Nice study thank you,156407,675230b036aa5c694a8c4dd5,robot,robots,UP,USED,USED,1,"<p></p><p></p><p>Now the robot correctly locates the explosives even more often, about 95% of the time.</p>",USED,USED,2,USED,USED,USED,USED,3,USED,5,USED,4,FL_623,FL_17,FL_240,FL_423|FL_682|FL_422|FL_420|FL_421,FL_183,FL_199,FL_656,FL_695,,,,,,
5/7/25 11:31,5/7/25 11:43,IP Address,100,751,TRUE,5/7/25 11:43,R_3lB1AVNlZEw3jJf,anonymous,EN,1,a fire engine/firefighters as there may be a fire in the building,6,6,6,6,-1,6,6,6,6,4,7,7,6,6,4,1,6,6,6,3,-1,4,4,6,5,4,5,5,5,5,4,1,1,1,1,,,,,,,,,,,,,,,,,,,,,,,,,,,,,,,,,,,,,,,,,,,,,,,,,,,,,,,,,,,,,,1,1,1,,3,3,0,3,7,4,7,5,7,7,7,7,5,7,7,,,,,,,,,,,,,,,,6,6,7,7,-1,6,6,-1,-1,-1,6,6,-1,-1,-1,,,,,,,,,,,,,,,,,,,,,,,,,,,,,,,4,4,7,6,-1,4,4,6,-1,-1,3,4,-1,-1,-1,6,6,7,6,7,7,6,7,7,7,6,6,6,7,7,,,,,,,,,,,,,,,,,,,,,,,,,,,,,,,,,,,,,,,,,,,,,,6,6,5,6,6,5,6,4,5,6,2,5,4,4,5,,,,,,,,,,,,,,,,,,,,,,,,,,,,,,,7,7,7,7,7,7,7,7,7,7,7,7,7,7,7,,,,,,,,,,,,,,,,4,4,0,1,5,3,7,1,7,7,7,7,4,7,7,,,N,Thank your for the opportunity!,440731,5883d68d300c0b000113db56,person,people,DOWN,USED,USED,1,"<p></p><p>A new rule says that the person should not approach children who are very young. Now the person still provides comfort to the children most of the time, but also continues to approach very young children in the hospital.</p><div><br></div>",USED,USED,,USED,USED,,USED,3,USED,2,USED,4,FL_624,FL_424,,,,,,,FL_978,FL_974|FL_860|FL_803|FL_917|FL_746,,FL_813,FL_867,FL_930
5/7/25 11:30,5/7/25 11:44,IP Address,100,819,TRUE,5/7/25 11:44,R_34aLLgVqyWxJHwZ,anonymous,EN,1,"I would expect the fire department to come to the building now, because the man was running and the building was described as ""getting very hot"", indicating that it is highly likely the building in question is on fire.",7,7,6,6,5,6,7,6,6,6,6,7,6,6,6,1,7,7,6,7,6,7,7,7,7,6,7,7,6,7,6,1,1,1,1,1,,,,,,,,,,,,,,,,,,,,,,,,,,,,,,,5,5,6,6,6,6,5,6,5,6,5,5,6,6,6,,,,,,,,,,,,,,,,1,1,1,1,7,7,7,7,7,7,7,7,7,7,7,7,7,7,7,,,,,,,,,,,,,,,,,,,,,,,,,,,,,,,,,,,,,,,,,,,,,,5,6,6,6,6,5,6,6,6,6,6,6,6,6,6,7,7,7,7,7,7,7,7,7,7,7,7,7,7,7,5,5,6,5,6,6,5,6,5,4,4,5,4,5,5,,,,,,,,,,,,,,,,,,,,,,,,,,,,,,,,,,,,,,,,,,,,,,7,7,7,7,5,7,6,7,5,5,7,5,7,6,7,,,,,,,,,,,,,,,,6,6,4,4,5,6,5,5,4,4,5,5,4,4,4,,,,,,,,,,,,,,,,,,,,,,,,,,,,,,,6,7,5,5,5,6,6,6,5,5,6,6,5,6,7,,,N,"The study made me think deeply about how I view improvements of individuals and the impact that it has on how competant and kind that I find them to be, given limited information about them. The study was formatted very well and everything ran very smoothly from start to finish.",148632,5f2f03deec679e2cf4a992e6,person,people,UP,USED,USED,1,"<p></p><p>Now the person correctly identifies skin diseases more often, in about  95% of the cases.</p>",USED,USED,4,USED,USED,USED,USED,5,USED,2,USED,3,FL_624,FL_17,FL_240,FL_423|FL_420|FL_422|FL_682|FL_421,FL_189,FL_644,FL_225,FL_692,,,,,,
5/7/25 11:33,5/7/25 11:44,IP Address,100,693,TRUE,5/7/25 11:44,R_3LzlzPcNKlnCuei,anonymous,EN,0.899999976,a man can running down the stairs to escape the buidling that was on fire and getting too hot,5,5,4,4,4,4,3,3,4,4,3,4,3,4,4,1,5,5,5,4,4,5,4,4,4,5,4,5,4,4,5,0,0,0,1,1,,,,,,,,,,,,,,,,6,5,6,5,6,6,6,6,6,5,6,5,5,6,5,,,,,,,,,,,,,,,,,,,,,,,,,,,,,,,1,1,1,1,6,5,6,5,6,5,6,7,6,7,6,7,6,6,7,,,,,,,,,,,,,,,,,,,,,,,,,,,,,,,,,,,,,,,,,,,,,,4,4,4,3,2,3,3,3,4,4,4,4,4,4,4,6,6,6,6,6,6,7,6,7,7,7,7,6,7,7,6,6,6,7,6,7,7,6,6,7,7,7,6,7,7,,,,,,,,,,,,,,,,,,,,,,,,,,,,,,,,,,,,,,,,,,,,,,7,6,6,6,7,7,6,7,6,7,6,6,7,7,7,,,,,,,,,,,,,,,,,,,,,,,,,,,,,,,7,7,7,7,6,7,6,5,7,7,7,7,7,7,7,,,,,,,,,,,,,,,,6,6,6,6,6,6,6,6,6,6,6,6,6,6,7,,,N,,932394,59bc25620ac77f0001f05574,person,people,UP,USED,USED,1,"<p></p><p>Now the person follows the explosive detection protocols, and also stays at the location until everyone is safe.</p>",USED,USED,3,USED,USED,USED,USED,5,USED,2,USED,4,FL_624,FL_17,FL_240,FL_423|FL_421|FL_682|FL_422|FL_420,FL_186,FL_644,FL_225,FL_695,,,,,,
5/7/25 11:32,5/7/25 11:45,IP Address,100,767,TRUE,5/7/25 11:45,R_6LcgfREcaxGWKeF,anonymous,EN,1,A fire engine and firefighters,6,6,4,-1,-1,6,6,-1,-1,-1,6,6,4,-1,1,1,5,6,2,2,-1,6,5,-1,6,-1,5,5,4,-1,3,1,1,1,1,0,,,,,,,,,,,,,,,,,,,,,,,,,,,,,,,6,6,5,-1,0,6,7,-1,7,7,5,7,4,-1,6,,,,,,,,,,,,,,,,1,1,1,1,6,6,2,-1,3,4,5,-1,4,3,5,4,3,-1,2,5,5,6,-1,0,5,6,-1,4,4,5,5,4,-1,4,,,,,,,,,,,,,,,,,,,,,,,,,,,,,,,,,,,,,,,,,,,,,,4,4,0,-1,-1,3,3,-1,3,0,2,1,0,-1,2,,,,,,,,,,,,,,,,,,,,,,,,,,,,,,,,,,,,,,,,,,,,,,6,6,6,-1,-1,7,7,-1,-1,-1,7,7,-1,-1,-1,5,5,2,-1,-1,5,5,-1,-1,-1,4,5,2,-1,2,,,,,,,,,,,,,,,,6,6,-1,-1,-1,6,7,-1,-1,-1,6,7,-1,-1,-1,,,,,,,,,,,,,,,,,,,,,,,,,,,,,,,6,5,-1,-1,-1,6,6,-1,-1,-1,7,7,-1,-1,-1,7,0,N,no,877008,59e138cfc0d35a0001294e36,robot,robots,DOWN,USED,USED,1,"<p></p><p>Now the robot still correctly identifies skin diseases for most patients, but does not take extra steps to prevent discriminating against patients with dark skin.
 </p>",USED,USED,4,USED,USED,USED,USED,2,USED,5,USED,3,FL_623,FL_424,,,,,,,FL_978,FL_974|FL_917|FL_746|FL_803|FL_860,FL_759,FL_810,FL_876,FL_927
5/7/25 11:32,5/7/25 11:45,IP Address,100,764,TRUE,5/7/25 11:45,R_5avHOguvkSoUjQJ,anonymous,EN,0.899999976,"firefighters ,to quench the fire",7,7,6,7,6,6,7,7,7,-1,7,7,-1,7,-1,1,7,7,7,7,-1,-1,7,7,7,-1,7,7,7,7,-1,0,0,0,0,0,,,,,,,,,,,,,,,,,,,,,,,,,,,,,,,,,,,,,,,,,,,,,,7,7,7,7,6,7,7,7,7,-1,7,7,-1,7,-1,1,1,1,1,7,7,7,7,-1,7,7,7,7,-1,7,7,-1,7,-1,,,,,,,,,,,,,,,,,,,,,,,,,,,,,,,7,7,7,7,7,7,7,7,7,7,7,7,7,7,7,,,,,,,,,,,,,,,,7,7,7,7,7,7,7,7,7,7,7,7,7,7,7,7,7,7,7,7,7,7,7,7,7,7,7,7,7,7,,,,,,,,,,,,,,,,,,,,,,,,,,,,,,,,,,,,,,,,,,,,,,7,7,7,7,7,7,7,7,7,7,7,7,7,7,7,,,,,,,,,,,,,,,,7,7,7,7,7,-1,7,7,7,-1,7,7,-1,7,-1,,,,,,,,,,,,,,,,,,,,,,,,,,,,,,,7,7,7,7,7,7,7,7,-1,7,7,7,-1,7,-1,6,5,N,null,732568,67e9a601c1917b831419cf77,robot,robots,UP,USED,USED,1,"<p></p><p></p><p>Now the robot still provides emotional support to most of the older adults, and also works to avoid spending unequal amounts of time with anyone.</p>",USED,USED,5,USED,USED,USED,USED,4,USED,2,USED,3,FL_623,FL_17,FL_240,FL_423|FL_682|FL_421|FL_420|FL_422,FL_634,FL_202,FL_225,FL_692,,,,,,
5/7/25 11:33,5/7/25 11:46,IP Address,100,752,TRUE,5/7/25 11:46,R_7Hp1rYCSC14CiP9,anonymous,EN,0.899999976,The fire service so that they help to off the fire,7,6,6,7,5,6,4,5,6,7,5,4,5,6,5,1,5,6,7,6,5,6,7,6,5,4,6,7,7,6,4,0,0,0,0,0,,,,,,,,,,,,,,,,5,6,7,6,4,5,6,6,7,4,5,6,5,7,6,,,,,,,,,,,,,,,,,,,,,,,,,,,,,,,1,0,1,1,7,6,5,6,7,6,4,5,6,7,6,4,5,6,5,,,,,,,,,,,,,,,,,,,,,,,,,,,,,,,,,,,,,,,,,,,,,,6,7,6,4,5,6,7,6,4,5,6,5,6,5,6,6,5,6,5,6,7,7,6,5,6,5,7,6,5,6,,,,,,,,,,,,,,,,,,,,,,,,,,,,,,,5,7,6,5,4,5,6,7,6,5,4,5,7,6,5,,,,,,,,,,,,,,,,5,7,6,4,5,6,6,4,5,6,7,6,4,5,6,6,4,5,7,6,5,6,7,6,5,6,7,4,5,6,,,,,,,,,,,,,,,,,,,,,,,,,,,,,,,,,,,,,,,,,,,,,,6,5,7,6,5,6,7,5,6,4,5,7,6,5,6,,,N,No comment ,672766,67e406244bfad9999a051c1e,person,people,UP,USED,USED,1,"<p></p><p>Now the person follows the explosive detection protocols, and also stays at the location until everyone is safe.</p>",USED,USED,3,USED,USED,USED,USED,5,USED,4,USED,2,FL_624,FL_17,FL_240,FL_423|FL_422|FL_421|FL_682|FL_420,FL_186,FL_644,FL_231,FL_689,,,,,,
5/7/25 11:34,5/7/25 11:46,IP Address,100,727,TRUE,5/7/25 11:46,R_5s1DusG42OthvRE,anonymous,EN,1,"A firefighter, because they are trained to handle emergencies like fires or overheated buildings, and would work to ensure everyone's safety and put out any potential fires.",4,-1,-1,4,3,7,7,7,7,7,4,7,7,2,5,1,7,6,7,7,4,6,7,7,7,7,4,7,4,6,4,1,1,1,1,0,,,,,,,,,,,,,,,,,,,,,,,,,,,,,,,5,7,4,-1,-1,4,7,7,7,7,-1,7,7,-1,-1,,,,,,,,,,,,,,,,1,1,1,1,7,7,7,7,7,7,7,7,7,7,7,7,7,7,7,6,6,7,7,3,7,7,7,7,7,7,6,-1,7,-1,,,,,,,,,,,,,,,,,,,,,,,,,,,,,,,,,,,,,,,,,,,,,,7,7,7,7,7,7,7,7,7,7,7,7,7,7,7,,,,,,,,,,,,,,,,4,3,2,7,3,4,7,7,4,7,4,7,5,7,5,,,,,,,,,,,,,,,,,,,,,,,,,,,,,,,7,7,7,7,7,7,7,7,7,7,7,7,7,7,7,,,,,,,,,,,,,,,,,,,,,,,,,,,,,,,,,,,,,,,,,,,,,,7,7,7,7,7,7,7,7,7,7,7,7,7,7,7,7,7,7,7,-1,7,7,7,7,7,7,7,7,7,7,7,7,N,,28243,66572cbfe634272a5ca59126,robot,robots,UP,USED,USED,1,<p></p><p>Now the robot provides comfort to children for the standard amount of time and also stays longer with them until they are no longer in distress.</p>,USED,USED,4,USED,USED,USED,USED,2,USED,3,USED,5,FL_623,FL_17,FL_240,FL_423|FL_422|FL_682|FL_421|FL_420,FL_189,FL_196,FL_228,FL_698,,,,,,
5/7/25 11:34,5/7/25 11:46,IP Address,100,720,TRUE,5/7/25 11:46,R_71RVyMXG7unoBue,anonymous,EN,0.899999976,A man because the building was very hot,6,7,6,7,6,-1,7,6,6,5,5,5,6,6,5,1,5,4,6,5,6,4,5,6,6,6,5,6,5,5,5,1,,1,1,1,,,,,,,,,,,,,,,,,,,,,,,,,,,,,,,,,,,,,,,,,,,,,,6,7,6,7,6,6,7,6,7,6,7,6,7,6,6,,1,1,1,6,4,5,6,6,7,5,6,6,7,6,7,6,7,6,,,,,,,,,,,,,,,,7,6,7,5,6,6,5,4,6,4,4,5,3,4,6,,,,,,,,,,,,,,,,,,,,,,,,,,,,,,,3,3,6,3,5,3,4,5,5,3,4,4,3,3,5,,,,,,,,,,,,,,,,,,,,,,,,,,,,,,,6,5,6,5,6,5,5,5,6,5,6,6,6,5,6,,,,,,,,,,,,,,,,6,6,5,7,6,5,6,6,6,7,7,6,6,6,5,,,,,,,,,,,,,,,,,,,,,,,,,,,,,,,,,,,,,,,,,,,,,,7,-1,5,6,6,5,7,5,6,7,5,6,6,7,6,4,5,5,5,6,3,3,5,6,3,5,5,4,3,5,5,5,N,,457540,67ab872adbfd4c2bdd5e2f92,robot,robots,DOWN,USED,USED,1,"<p></p><p>Now the robot correctly searches for the explosives less often, only about 75% of the time.</p>",USED,,5,USED,USED,USED,USED,3,USED,4,USED,5,FL_623,FL_424,,,,,,,FL_978,FL_974|FL_917|FL_746|FL_860|FL_803,FL_762,FL_813,FL_873,FL_933
5/7/25 11:34,5/7/25 11:47,IP Address,100,755,TRUE,5/7/25 11:47,R_34iLvJyLz4DcLcy,anonymous,EN,1,"Fire service, building probably on fire.",3,2,-1,-1,-1,5,2,-1,-1,-1,5,4,-1,-1,-1,1,1,2,-1,-1,-1,1,1,1,-1,-1,0,2,-1,-1,1,1,1,1,1,,,,,,,,,,,,,,,,,,,,,,,,,,,,,,,,,,,,,,,,,,,,,,,,,,,,,,,,,,,,,,1,1,1,,4,5,3,-1,5,3,6,2,-1,5,2,5,-1,-1,4,5,6,4,-1,5,5,6,-1,-1,5,3,6,-1,-1,6,,,,,,,,,,,,,,,,,,,,,,,,,,,,,,,,,,,,,,,,,,,,,,3,4,3,-1,4,3,5,3,-1,5,1,5,3,-1,4,,,,,,,,,,,,,,,,,,,,,,,,,,,,,,,6,5,-1,-1,6,5,5,-1,-1,5,4,6,-1,-1,6,,,,,,,,,,,,,,,,5,5,2,-1,5,4,5,3,-1,6,3,6,4,-1,6,,,,,,,,,,,,,,,,5,4,-1,-1,-1,5,5,-1,-1,-1,4,5,-1,-1,-1,,,,,,,,,,,,,,,,,,,,,,,,,,,,,,,1,3,-1,-1,-1,3,4,-1,-1,-1,3,4,-1,-1,-1,,,N,,563588,5ae0c7d4e0feeb0001caff2b,person,people,DOWN,USED,USED,1,"<p></p><p></p><p>Now the person provides emotional support to the older adults less often, only about 75% of the time.</p>",USED,USED,,USED,USED,,USED,2,USED,4,USED,3,FL_624,FL_424,,,,,,,FL_978,FL_974|FL_917|FL_860|FL_803|FL_746,,FL_810,FL_873,FL_927
5/7/25 11:33,5/7/25 11:47,IP Address,100,820,TRUE,5/7/25 11:47,R_33syMWzaWPj1DmJ,anonymous,EN,0.899999976,Firefighters. This is because it is likely that there is a fire in the building.,6,6,6,7,1,6,6,6,6,5,6,6,6,6,6,1,7,6,6,6,-1,6,6,6,6,-1,6,6,5,5,-1,1,1,1,1,1,,,,,,,,,,,,,,,,,,,,,,,,,,,,,,,,,,,,,,,,,,,,,,6,6,6,6,6,6,6,6,-1,-1,5,5,-1,-1,5,1,1,1,1,6,6,6,6,6,6,6,6,6,7,6,5,6,6,6,,,,,,,,,,,,,,,,,,,,,,,,,,,,,,,6,6,4,4,5,5,5,5,5,6,-1,-1,-1,-1,6,,,,,,,,,,,,,,,,6,6,5,6,6,6,6,6,5,7,6,6,6,6,6,,,,,,,,,,,,,,,,6,6,6,6,-1,6,6,6,6,6,6,6,6,6,6,,,,,,,,,,,,,,,,,,,,,,,,,,,,,,,7,7,6,6,6,6,6,6,6,6,6,6,6,6,6,6,6,4,4,4,6,5,3,0,0,6,6,4,0,0,,,,,,,,,,,,,,,,,,,,,,,,,,,,,,,,,,,,,,,,,,,,,,6,6,1,3,1,6,2,6,0,0,5,5,1,1,1,5,5,N,,310088,67d18235d1720cb93545cdd5,robot,robots,UP,USED,USED,1,"<p></p><p>Now the robot complies with most of the explosive detection protocols, and also performs an additional search of the area if lives are in danger.</p>",USED,USED,5,USED,USED,USED,USED,4,USED,3,USED,2,FL_623,FL_17,FL_240,FL_423|FL_682|FL_420|FL_421|FL_422,FL_634,FL_202,FL_228,FL_689,,,,,,
5/7/25 11:32,5/7/25 11:48,IP Address,100,919,TRUE,5/7/25 11:48,R_34Jt2seBsUosuNr,anonymous,EN,0.899999976,Nobody because the building is burning therefore the temperature is not conducive for any human,7,6,7,7,5,7,5,7,7,3,7,5,6,4,2,1,7,5,4,7,5,7,4,5,5,4,7,6,7,5,3,0,0,,1,0,,,,,,,,,,,,,,,,,,,,,,,,,,,,,,,,,,,,,,,,,,,,,,6,4,6,5,4,6,5,6,5,4,7,6,4,6,7,1,,1,1,6,7,5,7,5,-1,6,7,5,7,3,4,7,4,6,,,,,,,,,,,,,,,,,,,,,,,,,,,,,,,6,5,7,5,7,5,7,5,7,4,4,7,5,7,5,,,,,,,,,,,,,,,,7,5,7,5,6,7,5,6,4,6,7,5,6,4,6,,,,,,,,,,,,,,,,,,,,,,,,,,,,,,,,,,,,,,,,,,,,,,7,5,6,5,7,4,6,4,5,4,3,6,4,5,4,6,4,7,5,7,5,7,5,7,5,4,6,4,4,6,7,5,7,5,6,5,7,4,6,4,6,4,6,4,6,,,,,,,,,,,,,,,,,,,,,,,,,,,,,,,,,,,,,,,,,,,,,,7,5,7,5,4,7,6,5,7,5,7,5,5,6,5,5,4,N,,104665,67e444cfc39e3a7f4861b08c,robot,robots,DOWN,USED,USED,1,"<p></p><p>Now if the patients seem worried about their diagnosis, the robot does not try to cheer them up.
</p>",USED,USED,5,,USED,USED,USED,4,USED,5,USED,2,FL_623,FL_424,,,,,,,FL_978,FL_974|FL_803|FL_860|FL_917|FL_746,FL_762,FL_816,FL_876,FL_924
5/7/25 11:44,5/7/25 11:48,IP Address,100,234,TRUE,5/7/25 11:48,R_5EzlI2Q1JCwzLaI,anonymous,EN,0.100000001,THE FIRE EXTINGUISHERS,7,6,7,6,7,6,6,6,7,6,5,6,6,6,6,1,7,6,6,7,6,6,7,6,6,7,6,7,6,6,6,0,1,0,1,1,,,,,,,,,,,,,,,,7,6,6,7,6,6,5,6,6,5,6,6,5,6,5,,,,,,,,,,,,,,,,,,,,,,,,,,,,,,,1,1,1,1,7,6,7,6,7,6,6,7,6,6,7,6,7,6,6,,,,,,,,,,,,,,,,,,,,,,,,,,,,,,,7,6,6,7,6,6,7,6,5,6,6,5,6,5,6,,,,,,,,,,,,,,,,7,6,6,7,6,6,6,7,6,6,7,6,5,6,6,7,6,6,7,7,6,6,5,6,6,6,6,5,6,5,,,,,,,,,,,,,,,,,,,,,,,,,,,,,,,,,,,,,,,,,,,,,,7,6,6,7,6,5,6,5,6,6,6,5,6,5,6,,,,,,,,,,,,,,,,,,,,,,,,,,,,,,,,,,,,,,,,,,,,,,7,6,6,5,6,6,5,6,6,5,6,6,6,6,7,7,6,7,6,7,6,7,6,7,6,6,7,7,7,7,,,N,,674087,675b3c26026f3cfdc03594d0,person,people,DOWN,USED,USED,1,"<p></p><p>Now the person follows the explosive detection protocols, and also leaves the location before everyone is safe.</p>",USED,USED,3,USED,USED,USED,USED,4,USED,2,USED,5,FL_624,FL_424,,,,,,,FL_978,FL_974|FL_917|FL_860|FL_803|FL_746,FL_756,FL_816,FL_867,FL_933
5/7/25 11:40,5/7/25 11:50,IP Address,100,551,TRUE,5/7/25 11:50,R_2qI4HTaprLFYEQB,anonymous,EN,0.899999976,Fire engine because the building is on fire ,6,5,5,6,3,5,-1,5,5,-1,6,5,5,4,5,1,6,5,7,5,5,6,5,6,6,4,4,6,5,5,6,1,1,1,1,1,5,6,5,4,4,5,5,5,5,5,5,6,5,4,5,,,,,,,,,,,,,,,,,,,,,,,,,,,,,,,,,,,,,,,,,,,,,,1,1,1,1,6,5,6,4,5,5,6,6,5,6,6,5,6,6,6,,,,,,,,,,,,,,,,5,6,6,5,4,4,6,5,6,6,6,5,5,6,6,,,,,,,,,,,,,,,,,,,,,,,,,,,,,,,6,7,7,6,6,5,6,6,6,5,7,7,6,6,6,,,,,,,,,,,,,,,,,,,,,,,,,,,,,,,6,5,5,4,4,4,5,5,6,7,5,6,6,6,5,,,,,,,,,,,,,,,,5,6,6,3,4,4,5,5,6,7,5,5,4,5,6,,,,,,,,,,,,,,,,,,,,,,,,,,,,,,,,,,,,,,,,,,,,,,4,4,6,4,5,6,6,5,5,5,6,6,5,5,6,6,3,5,6,5,3,5,4,6,5,4,5,6,6,5,4,2,N,,231714,5baca9c4bf876e000149b586,robot,robots,UP,USED,USED,1,"<p></p><p></p><p>Now the robot correctly locates the explosives even more often, about 95% of the time.</p>",USED,USED,2,USED,USED,USED,USED,3,USED,4,USED,5,FL_623,FL_17,FL_240,FL_423|FL_420|FL_422|FL_682|FL_421,FL_183,FL_199,FL_231,FL_698,,,,,,
5/7/25 11:33,5/7/25 11:50,IP Address,100,1024,TRUE,5/7/25 11:50,R_6Mx7XqFyHe1oLPH,anonymous,EN,0.899999976,firefighters,5,6,5,5,4,6,5,4,5,3,4,4,4,5,6,1,4,3,4,4,3,3,3,3,3,2,2,1,3,4,3,1,1,0,1,1,,,,,,,,,,,,,,,,,,,,,,,,,,,,,,,6,6,3,4,5,6,7,5,6,4,6,6,4,5,6,,,,,,,,,,,,,,,,1,1,1,1,4,4,5,3,3,4,5,4,3,2,3,4,3,4,3,,,,,,,,,,,,,,,,,,,,,,,,,,,,,,,,,,,,,,,,,,,,,,6,5,4,5,5,6,6,7,6,3,5,6,5,6,5,5,4,6,5,6,6,5,5,3,2,5,4,2,5,3,6,5,5,6,7,4,6,5,5,5,4,4,5,6,7,,,,,,,,,,,,,,,,,,,,,,,,,,,,,,,,,,,,,,,,,,,,,,3,2,3,4,3,2,2,3,2,3,3,2,3,2,4,,,,,,,,,,,,,,,,5,6,5,5,5,4,4,4,3,4,5,6,5,6,7,,,,,,,,,,,,,,,,,,,,,,,,,,,,,,,7,6,6,6,5,5,6,6,4,2,5,6,4,6,6,3,4,N,,270370,67d73460a2d7812a614f48ba,dog,dogs,DOWN,USED,USED,1,"<p></p><p>Now the dog correctly identifies skin diseases less often, in about 75% of the cases.</p>",USED,USED,4,USED,USED,USED,USED,5,USED,2,USED,3,FL_622,FL_424,,,,,,,FL_978,FL_974|FL_860|FL_917|FL_746|FL_803,FL_759,FL_819,FL_867,FL_927
5/7/25 11:41,5/7/25 11:51,IP Address,100,562,TRUE,5/7/25 11:51,R_55GW6hFU1demqMh,anonymous,EN,1,I would expect the fire department to come to the building to put out the fire that the man was escaping.,5,5,4,4,1,5,5,4,4,5,5,5,5,5,5,1,5,6,4,4,0,5,6,4,4,5,5,5,5,5,4,1,1,1,1,1,6,5,5,5,4,6,5,6,6,6,5,6,6,6,6,,,,,,,,,,,,,,,,,,,,,,,,,,,,,,,,,,,,,,,,,,,,,,1,1,1,1,6,7,6,5,5,6,6,6,7,7,6,7,6,6,6,,,,,,,,,,,,,,,,,,,,,,,,,,,,,,,5,5,5,5,5,5,5,5,6,6,5,5,5,6,6,,,,,,,,,,,,,,,,7,7,6,6,6,7,7,6,7,7,7,7,6,7,7,,,,,,,,,,,,,,,,,,,,,,,,,,,,,,,,,,,,,,,,,,,,,,6,6,5,5,0,6,6,5,5,5,6,6,5,5,5,6,6,6,6,0,6,6,6,5,5,6,6,5,5,5,,,,,,,,,,,,,,,,6,6,5,4,1,6,6,5,5,5,6,6,5,5,5,,,,,,,,,,,,,,,,,,,,,,,,,,,,,,,6,6,5,5,0,6,6,4,4,5,6,6,5,5,5,,,N,no,884374,5c2ab2de9136140001b90737,person,people,UP,USED,USED,1,"<p></p><p>Now the person provides comfort to the children even more often, about 95% of the time.</p>",USED,USED,2,USED,USED,USED,USED,4,USED,5,USED,3,FL_624,FL_17,FL_240,FL_423|FL_682|FL_422|FL_420|FL_421,FL_183,FL_202,FL_656,FL_692,,,,,,
5/7/25 11:35,5/7/25 11:52,IP Address,100,1030,TRUE,5/7/25 11:52,R_7ozpI6baqOLHDfl,anonymous,EN,1,I would expect firefighters to come to the building because there might be a fire.,7,7,6,6,-1,6,6,6,-1,-1,5,6,6,6,6,1,7,7,7,6,6,7,7,7,-1,-1,7,7,-1,-1,-1,1,1,1,1,1,,,,,,,,,,,,,,,,,,,,,,,,,,,,,,,,,,,,,,,,,,,,,,6,6,4,2,-1,7,6,6,6,6,6,6,6,6,6,1,1,1,1,6,6,6,6,6,5,6,6,6,6,6,6,6,4,6,7,6,6,6,-1,6,6,6,6,6,6,6,6,6,6,,,,,,,,,,,,,,,,,,,,,,,,,,,,,,,,,,,,,,,,,,,,,,7,7,7,7,7,7,7,7,7,7,7,7,7,7,7,,,,,,,,,,,,,,,,,,,,,,,,,,,,,,,7,7,7,7,7,7,7,7,7,7,7,7,6,7,7,,,,,,,,,,,,,,,,7,7,7,7,7,7,7,7,7,7,7,7,7,6,7,,,,,,,,,,,,,,,,7,7,7,7,-1,7,7,7,-1,-1,7,7,7,7,7,,,,,,,,,,,,,,,,,,,,,,,,,,,,,,,7,7,7,7,-1,7,7,7,7,-1,7,7,7,7,7,7,7,N,,149914,66fafe2f993dfb430b808f37,dog,dogs,UP,USED,USED,1,"<p></p><p>Public safety has discovered that there is a new type of explosive device. Now the dog still correctly searches for the standard explosives and, in addition, is also able to identify the new type of explosive device.</p>",USED,USED,5,USED,USED,USED,USED,2,USED,4,USED,3,FL_622,FL_17,FL_240,FL_423|FL_421|FL_420|FL_422|FL_682,FL_634,FL_196,FL_231,FL_692,,,,,,
5/7/25 11:45,5/7/25 11:53,IP Address,100,451,TRUE,5/7/25 11:53,R_1dsc84QqGLaEcx5,anonymous,EN,1,a firefighter because if the building is that hot i think there must be a fire,4,4,3,3,4,4,5,5,3,2,5,4,2,4,2,1,5,5,2,3,4,5,5,5,2,3,5,4,2,4,4,1,1,1,1,1,,,,,,,,,,,,,,,,6,6,5,4,2,6,6,5,4,3,5,6,4,5,5,,,,,,,,,,,,,,,,,,,,,,,,,,,,,,,1,1,1,1,6,6,4,4,2,5,6,5,4,3,6,5,4,5,6,,,,,,,,,,,,,,,,,,,,,,,,,,,,,,,,,,,,,,,,,,,,,,6,6,4,5,2,6,6,6,4,4,6,6,4,5,3,6,6,5,4,2,6,6,6,3,4,6,6,4,5,4,,,,,,,,,,,,,,,,,,,,,,,,,,,,,,,4,4,5,3,3,6,4,5,5,5,4,5,4,4,5,,,,,,,,,,,,,,,,5,6,4,5,3,6,5,6,5,5,6,5,4,5,5,6,6,4,5,2,5,5,6,4,5,4,5,4,4,5,,,,,,,,,,,,,,,,,,,,,,,,,,,,,,,,,,,,,,,,,,,,,,5,5,4,4,3,5,5,6,4,4,6,6,4,5,4,2,0,N,,204552,5eb9499bcbc2140180e31037,robot,robots,UP,USED,USED,1,"<p></p><p></p><p>A new rule says that the robot is not allowed to make any noise while providing emotional support. Now the robot still provides emotional support to the older adults most of the time and, in addition, also does not make noises while providing emotional support.</p>",USED,USED,3,USED,USED,USED,USED,5,USED,4,USED,2,FL_623,FL_17,FL_240,FL_423|FL_422|FL_420|FL_421|FL_682,FL_186,FL_644,FL_231,FL_689,,,,,,
5/7/25 11:43,5/7/25 11:54,IP Address,100,671,TRUE,5/7/25 11:54,R_79LdT8TeDmMVwsh,anonymous,EN,1,Fire department to put out the fire.,5,5,3,3,3,7,5,5,2,2,7,5,4,4,7,1,5,5,-1,4,4,7,5,5,4,4,7,5,-1,4,5,1,1,1,1,1,,,,,,,,,,,,,,,,6,6,-1,6,-1,7,7,6,-1,4,7,7,-1,4,6,,,,,,,,,,,,,,,,,,,,,,,,,,,,,,,1,1,1,1,7,7,-1,5,5,7,7,7,4,4,7,7,-1,4,7,,,,,,,,,,,,,,,,,,,,,,,,,,,,,,,,,,,,,,,,,,,,,,5,5,4,5,4,5,5,5,4,4,5,5,-1,4,7,6,6,6,6,6,6,6,7,4,4,6,6,-1,4,6,,,,,,,,,,,,,,,,,,,,,,,,,,,,,,,7,7,4,7,5,7,7,7,4,7,7,7,-1,4,7,,,,,,,,,,,,,,,,7,7,6,4,6,7,7,7,7,7,7,7,7,7,7,7,7,4,4,4,7,7,7,4,4,7,7,4,4,7,,,,,,,,,,,,,,,,,,,,,,,,,,,,,,,,,,,,,,,,,,,,,,7,7,4,5,5,7,7,7,4,6,7,7,-1,4,7,2,1,N,No,951905,6483f9ebf7986bdbdbc0598c,robot,robots,UP,USED,USED,1,"<p></p><p>Now the robot still provides comfort to most of the children, and also works to avoid spending unequal amounts of time with anyone.</p>",USED,USED,3,USED,USED,USED,USED,5,USED,4,USED,2,FL_623,FL_17,FL_240,FL_423|FL_420|FL_682|FL_421|FL_422,FL_186,FL_644,FL_231,FL_689,,,,,,
5/7/25 11:47,5/7/25 11:55,IP Address,100,479,TRUE,5/7/25 11:55,R_53fZPZhz0FG7TRn,anonymous,EN,1,There might be a fire outbreak and you will escape to save your life ,6,5,7,6,5,5,4,6,7,6,5,6,7,6,5,1,5,7,6,4,5,6,7,6,5,6,7,6,6,5,5,0,1,1,1,1,5,6,7,6,5,6,5,4,5,6,5,4,5,6,5,,,,,,,,,,,,,,,,,,,,,,,,,,,,,,,,,,,,,,,,,,,,,,1,1,1,1,5,6,7,6,5,6,5,7,6,5,4,5,6,5,6,,,,,,,,,,,,,,,,5,6,7,6,5,6,7,6,5,6,6,4,6,5,6,,,,,,,,,,,,,,,,,,,,,,,,,,,,,,,6,7,6,5,6,6,5,6,4,5,6,7,6,5,6,,,,,,,,,,,,,,,,,,,,,,,,,,,,,,,,,,,,,,,,,,,,,,5,7,6,4,5,7,6,5,4,5,6,6,4,6,5,6,5,7,6,7,6,4,5,6,7,6,5,6,5,6,,,,,,,,,,,,,,,,,,,,,,,,,,,,,,,5,6,7,5,6,7,6,5,4,5,6,7,6,5,5,,,,,,,,,,,,,,,,5,6,7,6,5,6,7,6,6,5,5,6,5,6,6,5,5,N,No comment ,13909,663cd0ab9a13d177b358f8f1,robot,robots,DOWN,USED,USED,1,"<p></p><p>Now the robot correctly searches for the explosives less often, only about 75% of the time.</p>",USED,USED,2,USED,USED,USED,USED,3,USED,5,USED,4,FL_623,FL_424,,,,,,,FL_978,FL_974|FL_860|FL_746|FL_917|FL_803,FL_753,FL_813,FL_876,FL_930
5/7/25 11:40,5/7/25 11:56,IP Address,100,927,TRUE,5/7/25 11:56,R_2jlZLsuAxNtfv9X,anonymous,EN,1,The fire brigade/firemen and firefighters because it sounds like the building is probably on fire.,5,6,4,-1,-1,5,7,6,-1,-1,5,6,-1,-1,3,1,6,5,4,5,-1,6,5,5,-1,-1,6,6,4,-1,3,1,1,1,1,1,,,,,,,,,,,,,,,,5,6,5,5,-1,5,6,5,-1,-1,5,6,4,-1,3,,,,,,,,,,,,,,,,,,,,,,,,,,,,,,,1,1,1,1,4,4,2,5,-1,5,5,2,-1,-1,4,5,2,-1,2,,,,,,,,,,,,,,,,,,,,,,,,,,,,,,,5,5,4,5,6,4,3,4,6,6,5,4,5,6,5,,,,,,,,,,,,,,,,4,3,4,4,5,3,3,3,4,5,3,3,4,5,4,,,,,,,,,,,,,,,,,,,,,,,,,,,,,,,,,,,,,,,,,,,,,,6,6,6,7,5,6,6,4,-1,-1,6,6,4,-1,-1,3,3,2,2,2,3,4,1,-1,-1,3,4,2,-1,-1,5,5,5,5,6,5,4,5,6,6,5,5,5,6,6,,,,,,,,,,,,,,,,,,,,,,,,,,,,,,,,,,,,,,,,,,,,,,3,3,5,5,6,3,3,4,7,7,4,3,5,7,5,4,6,N,Wishing you good luck and all the best with your research.,572030,5c9d88bb2b3c77001744ec1c,dog,dogs,DOWN,USED,USED,1,"<p></p><p>Now the dog still correctly identifies skin diseases for most patients, but does not take extra steps to prevent discriminating against patients with dark skin.
 </p>",USED,USED,3,USED,USED,USED,USED,4,USED,5,USED,2,FL_622,FL_424,,,,,,,FL_978,FL_974|FL_746|FL_917|FL_803|FL_860,FL_756,FL_816,FL_876,FL_924
5/7/25 11:35,5/7/25 11:57,IP Address,100,1306,TRUE,5/7/25 11:57,R_3MicFpG9MqZ5MaU,anonymous,EN,0.899999976,A man that was running down the stairs to escape from the building because it was getting very hot.,7,6,-1,7,-1,7,7,5,-1,-1,-1,7,7,7,6,1,7,7,-1,7,-1,6,7,7,6,-1,7,7,1,7,7,1,1,1,1,1,6,-1,6,7,7,7,6,7,7,7,-1,2,6,7,7,,,,,,,,,,,,,,,,,,,,,,,,,,,,,,,,,,,,,,,,,,,,,,1,1,1,1,6,7,6,6,7,7,7,5,7,7,2,6,7,7,7,,,,,,,,,,,,,,,,7,7,6,7,-1,7,7,7,6,-1,7,7,-1,6,7,,,,,,,,,,,,,,,,,,,,,,,,,,,,,,,7,-1,6,7,-1,7,7,7,6,-1,7,7,6,7,7,,,,,,,,,,,,,,,,,,,,,,,,,,,,,,,,,,,,,,,,,,,,,,7,-1,-1,7,-1,7,7,6,7,-1,7,7,-1,7,7,7,-1,7,7,7,6,7,7,-1,7,6,6,7,7,7,,,,,,,,,,,,,,,,,,,,,,,,,,,,,,,-1,7,7,-1,7,6,7,6,7,7,7,5,7,7,6,,,,,,,,,,,,,,,,5,7,7,6,7,7,7,5,7,7,-1,7,6,7,7,6,5,N,The study was cool.,91345,67ed8a9ef13251ff7c8b66a8,dog,dogs,UP,USED,USED,1,<p></p><p>Now the dog provides emotional support to older adults who request support and also to anyone who seems to need it.</p>,USED,USED,2,USED,USED,USED,USED,3,USED,5,USED,4,FL_622,FL_17,FL_240,FL_423|FL_682|FL_422|FL_421|FL_420,FL_183,FL_199,FL_656,FL_695,,,,,,
5/7/25 11:33,5/7/25 12:00,IP Address,100,1643,TRUE,5/7/25 12:00,R_1S0sA33JG5AWbSQ,anonymous,EN,1,"I would expect firefighters or emergency responders to arrive at the building. This expectation arises from the need to address the fire or emergency situation causing the heat, and these professionals are trained to handle such incidents safely and effectively.",4,5,4,5,4,5,4,5,4,5,4,5,4,5,4,1,6,5,6,5,6,5,6,5,6,5,5,6,5,5,6,0,1,1,1,1,,,,,,,,,,,,,,,,,,,,,,,,,,,,,,,6,5,6,6,5,6,5,6,5,6,5,6,5,6,5,,,,,,,,,,,,,,,,1,1,0,0,6,5,6,5,6,5,6,5,6,5,5,4,5,4,6,4,5,4,5,4,5,4,5,4,5,4,5,4,5,4,,,,,,,,,,,,,,,,,,,,,,,,,,,,,,,,,,,,,,,,,,,,,,4,5,4,5,4,5,4,5,4,5,4,5,4,5,4,,,,,,,,,,,,,,,,6,5,6,5,6,5,7,6,5,6,5,6,4,5,6,,,,,,,,,,,,,,,,,,,,,,,,,,,,,,,6,5,6,6,5,5,6,4,5,5,6,5,5,4,6,,,,,,,,,,,,,,,,,,,,,,,,,,,,,,,,,,,,,,,,,,,,,,6,5,6,5,6,5,6,5,6,5,6,5,6,5,6,5,4,5,4,5,4,5,4,5,4,5,4,5,4,5,,7,N,quality surveys.,504697,66b4deefa32b6bd7b2bdecdf,dog,dogs,UP,USED,USED,1,"<p></p><p>Now the dog complies with most of the explosive detection protocols, and also performs an additional search of the area if lives are in danger.</p>",USED,USED,4,USED,USED,USED,USED,2,USED,3,USED,5,FL_622,FL_17,FL_240,FL_423|FL_421|FL_420|FL_682|FL_422,FL_189,FL_196,FL_228,FL_698,,,,,,
5/7/25 11:47,5/7/25 12:01,IP Address,100,834,TRUE,5/7/25 12:01,R_5SHL13S60hRwDw5,anonymous,EN,1,Fire service personnel. The building getting hot means there is something burning inside the building.,6,5,6,7,-1,4,7,7,7,1,7,7,-1,7,0,1,1,2,3,1,-1,0,4,0,1,1,5,2,-1,2,1,1,1,0,1,1,,,,,,,,,,,,,,,,,,,,,,,,,,,,,,,7,7,7,7,7,7,7,7,7,7,7,7,7,7,7,,,,,,,,,,,,,,,,1,1,1,1,4,6,4,5,3,2,5,1,2,1,5,5,2,1,0,,,,,,,,,,,,,,,,,,,,,,,,,,,,,,,,,,,,,,,,,,,,,,7,7,6,7,-1,6,7,6,6,5,7,7,-1,7,6,3,5,4,4,-1,5,6,4,5,3,6,6,5,4,2,7,7,7,6,7,7,7,7,4,6,6,7,6,6,7,,,,,,,,,,,,,,,,,,,,,,,,,,,,,,,,,,,,,,,,,,,,,,1,3,2,0,0,2,4,1,0,1,3,4,1,1,5,,,,,,,,,,,,,,,,2,5,3,4,-1,3,5,3,1,-1,3,4,3,2,1,,,,,,,,,,,,,,,,,,,,,,,,,,,,,,,3,2,2,3,-1,4,3,3,1,3,3,4,1,2,1,,,N,,866061,5dcf85c64a113a0ba2cc2cce,person,people,DOWN,USED,USED,1,"<p></p><p></p><p>Now the person still provides emotional support to most of the older adults, and has started spending more time with some people than others.</p>",USED,USED,4,USED,USED,USED,USED,5,USED,2,USED,3,FL_624,FL_424,,,,,,,FL_978,FL_974|FL_746|FL_803|FL_917|FL_860,FL_759,FL_819,FL_867,FL_927
5/7/25 11:35,5/7/25 12:03,IP Address,100,1639,TRUE,5/7/25 12:03,R_3J1TZ6Y1wGduams,anonymous,EN,0.800000012,"A man,because the building was getting very hot maybe it was catching fire.",6,7,-1,-1,-1,7,7,6,7,7,6,6,5,6,-1,1,7,7,-1,6,-1,7,6,7,6,7,7,7,6,5,5,1,1,1,0,0,6,5,7,5,7,7,7,7,6,6,7,7,6,6,6,,,,,,,,,,,,,,,,,,,,,,,,,,,,,,,,,,,,,,,,,,,,,,1,0,1,1,7,7,6,-1,-1,7,7,6,6,6,7,7,6,6,7,,,,,,,,,,,,,,,,6,5,6,6,-1,7,6,6,6,7,7,7,6,7,7,,,,,,,,,,,,,,,,,,,,,,,,,,,,,,,7,6,5,-1,-1,7,6,7,7,6,7,6,6,7,7,,,,,,,,,,,,,,,,,,,,,,,,,,,,,,,,,,,,,,,,,,,,,,7,6,7,7,-1,7,6,6,7,6,6,6,5,6,6,6,7,-1,7,-1,6,7,7,7,6,5,4,5,6,6,,,,,,,,,,,,,,,,,,,,,,,,,,,,,,,7,7,-1,-1,7,7,6,6,-1,6,7,5,6,6,7,,,,,,,,,,,,,,,,7,7,-1,7,5,7,7,6,6,7,7,6,7,7,7,5,4,N,None,660990,67dd600e9cac4feaa0bdf6ab,robot,robots,UP,USED,USED,1,"<p></p><p></p><p>Now the robot correctly locates the explosives even more often, about 95% of the time.</p>",USED,USED,2,USED,USED,USED,USED,3,USED,5,USED,4,FL_623,FL_17,FL_240,FL_423|FL_682|FL_420|FL_422|FL_421,FL_183,FL_199,FL_656,FL_695,,,,,,
5/7/25 11:37,5/7/25 12:04,IP Address,100,1588,TRUE,5/7/25 12:04,R_3VMLby6CTg68eTD,anonymous,EN,1,Firefighters to help save the man and put the fire out.,6,6,4,4,4,5,5,5,5,4,-1,5,4,-1,4,1,5,5,4,4,2,6,5,4,4,4,-1,5,4,5,2,1,1,1,0,0,,,,,,,,,,,,,,,,,,,,,,,,,,,,,,,5,5,-1,7,-1,7,6,-1,-1,-1,7,7,-1,-1,-1,,,,,,,,,,,,,,,,1,1,1,1,7,7,-1,7,-1,7,5,-1,7,-1,7,6,-1,-1,-1,,,,,,,,,,,,,,,,5,5,4,4,4,4,5,5,-1,-1,6,6,-1,-1,-1,,,,,,,,,,,,,,,,,,,,,,,,,,,,,,,4,4,-1,-1,-1,3,3,-1,-1,4,3,3,-1,-1,-1,5,5,3,3,-1,6,5,-1,-1,-1,6,6,-1,6,-1,,,,,,,,,,,,,,,,,,,,,,,,,,,,,,,,,,,,,,,,,,,,,,3,4,-1,3,-1,3,5,3,-1,-1,2,5,-1,-1,-1,,,,,,,,,,,,,,,,,,,,,,,,,,,,,,,,,,,,,,,,,,,,,,5,5,-1,3,-1,3,3,-1,-1,-1,3,3,-1,4,-1,5,5,-1,5,-1,3,3,-1,-1,-1,5,5,-1,-1,-1,7,7,N,Nope,217983,674ca794941ad6898969714b@email.prolific.com,robot,robots,DOWN,USED,USED,1,<p></p><p>Now the robot provides comfort to children for the standard amount of time and also leaves regardless of how the child is doing.</p>,USED,USED,4,USED,USED,USED,USED,3,USED,2,USED,5,FL_623,FL_424,,,,,,,FL_978,FL_974|FL_803|FL_860|FL_917|FL_746,FL_759,FL_813,FL_867,FL_933
5/7/25 11:40,5/7/25 12:04,IP Address,100,1483,TRUE,5/7/25 12:04,R_82Pd36elErnraYm,anonymous,EN,0.400000006,"A man was in a building that was becoming dangerously hot, so he quickly ran down the stairs to get out of the situation.  Now, I would expect emergency responders to come to the building. This would likely include firefighters to deal with the source of the heat and ensure the building is safe, and potentially paramedics to check on the man who escaped and anyone else who might have been inside.",7,7,6,4,-1,7,7,6,5,-1,6,7,6,5,4,1,7,7,7,6,-1,7,7,7,6,-1,7,7,7,6,5,1,1,1,1,,,,,,,,,,,,,,,,,,,,,,,,,,,,,,,,,,,,,,,,,,,,,,,,,,,,,,,,,,,,,,1,1,1,,6,6,5,4,6,6,6,5,6,6,4,6,5,6,6,6,6,7,5,7,6,6,7,7,7,6,6,7,7,7,,,,,,,,,,,,,,,,,,,,,,,,,,,,,,,,,,,,,,,,,,,,,,5,6,7,5,6,5,6,7,7,7,4,6,7,7,6,,,,,,,,,,,,,,,,,,,,,,,,,,,,,,,6,6,7,5,7,6,6,7,7,7,6,6,7,7,7,,,,,,,,,,,,,,,,6,6,5,4,6,6,6,5,6,6,4,6,5,6,6,,,,,,,,,,,,,,,,7,7,6,4,-1,7,7,6,5,-1,6,7,6,5,4,,,,,,,,,,,,,,,,,,,,,,,,,,,,,,,6,4,6,4,-1,6,4,6,5,-1,5,4,6,5,4,,,N,The study was enjoyable.,922202,67e168924615bb90463f7ac0,person,people,DOWN,USED,USED,1,"<p></p><p>Now the person still provides comfort to most of the children, and has started spending more time with some children than others.</p>",USED,USED,,USED,USED,,USED,2,USED,4,USED,3,FL_624,FL_424,,,,,,,FL_978,FL_974|FL_917|FL_803|FL_860|FL_746,,FL_810,FL_873,FL_927
5/7/25 11:46,5/7/25 12:15,IP Address,100,1764,TRUE,5/7/25 12:15,R_13fvyn3dDbOczPO,anonymous,EN,0.800000012,I would expect firefighters to come to the building to save the man and put off the fire.,7,6,7,6,6,7,7,5,6,5,7,7,6,7,7,1,7,7,6,4,6,6,6,7,6,5,7,7,6,6,6,1,0,0,0,0,,,,,,,,,,,,,,,,,,,,,,,,,,,,,,,7,6,7,6,6,7,7,7,6,7,7,7,7,7,7,,,,,,,,,,,,,,,,1,1,1,1,6,6,7,7,7,6,7,6,6,6,6,7,7,7,6,,,,,,,,,,,,,,,,7,6,7,6,7,6,6,6,6,7,6,6,7,6,6,,,,,,,,,,,,,,,,,,,,,,,,,,,,,,,7,6,7,7,6,7,6,6,7,7,6,6,6,7,7,6,7,6,6,7,7,6,6,7,7,7,5,7,6,7,,,,,,,,,,,,,,,,,,,,,,,,,,,,,,,,,,,,,,,,,,,,,,7,6,7,6,7,7,6,7,5,6,6,7,7,7,6,,,,,,,,,,,,,,,,,,,,,,,,,,,,,,,,,,,,,,,,,,,,,,7,7,6,6,7,6,6,7,7,6,6,6,5,6,7,7,7,6,6,5,6,7,6,5,7,6,7,6,6,7,6,7,N,,720304,67eee555a672a6a34969fee8,dog,dogs,UP,USED,USED,1,"<p></p><p></p><p>Now the dog correctly locates the explosives even more often, about 95% of the time.</p>",USED,USED,4,USED,USED,USED,USED,3,USED,2,USED,5,FL_622,FL_17,FL_240,FL_423|FL_420|FL_422|FL_682|FL_421,FL_189,FL_199,FL_225,FL_698,,,,,,
5/7/25 11:46,5/7/25 12:16,IP Address,100,1782,TRUE,5/7/25 12:16,R_6JdGc0i2GP3TafL,anonymous,EN,1,i would expect paramedics and firefiregthers to come to give first aid and put off the fire respectively.,6,6,7,7,5,7,7,7,7,5,7,7,6,7,7,1,5,6,7,7,6,7,7,5,6,7,6,7,6,6,7,1,0,0,0,0,,,,,,,,,,,,,,,,6,6,7,6,7,6,6,6,7,7,6,7,7,6,7,,,,,,,,,,,,,,,,,,,,,,,,,,,,,,,1,1,1,1,6,5,7,6,6,7,6,7,6,7,6,6,7,6,7,,,,,,,,,,,,,,,,,,,,,,,,,,,,,,,,,,,,,,,,,,,,,,6,6,7,6,6,7,7,6,6,7,6,7,7,6,7,7,6,6,6,7,7,7,7,6,5,6,7,6,7,7,6,6,7,7,6,6,7,7,7,6,6,7,6,7,7,,,,,,,,,,,,,,,,,,,,,,,,,,,,,,,,,,,,,,,,,,,,,,7,7,7,6,7,7,6,6,6,5,5,6,6,7,7,,,,,,,,,,,,,,,,,,,,,,,,,,,,,,,7,6,7,7,5,6,7,7,6,7,6,7,7,6,7,,,,,,,,,,,,,,,,5,5,6,5,6,5,6,5,7,4,6,6,7,5,6,5,6,N,,846940,676dad7a536d255abefcae16,dog,dogs,UP,USED,USED,1,"<p></p><p>Now the dog follows the explosive detection protocols, and also stays at the location until everyone is safe.</p>",USED,USED,3,USED,USED,USED,USED,5,USED,2,USED,4,FL_622,FL_17,FL_240,FL_423|FL_682|FL_422|FL_421|FL_420,FL_186,FL_644,FL_225,FL_695,,,,,,
5/7/25 12:35,5/7/25 12:41,IP Address,100,399,TRUE,5/7/25 12:41,R_3q8Z1iURQrQifJF,anonymous,EN,1,The firefighters would come to put out the fire.,-1,-1,-1,-1,-1,-1,-1,-1,-1,4,-1,-1,4,4,-1,1,3,3,3,3,3,3,3,3,3,3,3,3,3,3,3,1,1,1,1,1,,,,,,,,,,,,,,,,,,,,,,,,,,,,,,,,,,,,,,,,,,,,,,7,7,7,7,7,7,7,7,7,7,7,7,7,7,7,1,0,1,1,2,2,2,2,2,2,2,2,2,2,2,2,2,2,2,,,,,,,,,,,,,,,,,,,,,,,,,,,,,,,4,4,4,4,4,4,4,4,4,4,4,4,4,4,4,,,,,,,,,,,,,,,,2,2,2,2,2,2,2,2,2,2,2,2,2,2,2,,,,,,,,,,,,,,,,5,5,5,5,5,5,5,5,5,5,5,5,5,5,5,,,,,,,,,,,,,,,,,,,,,,,,,,,,,,,2,2,2,2,2,2,2,2,2,2,2,2,2,2,2,7,7,7,7,7,7,7,7,7,7,7,7,7,7,7,,,,,,,,,,,,,,,,,,,,,,,,,,,,,,,,,,,,,,,,,,,,,,3,3,3,3,3,3,3,3,3,3,3,3,3,3,3,4,4,N,,763810,600db78b56935a5dd8c759b3,dog,dogs,DOWN,USED,USED,1,"<p></p><p></p><p></p><p>Now the dog follows most of the explosive detection protocols, and does not perform any additional searches if lives are at risk.</p>",USED,USED,5,USED,USED,USED,USED,4,USED,3,USED,2,FL_622,FL_424,,,,,,,FL_978,FL_974|FL_917|FL_746|FL_803|FL_860,FL_762,FL_816,FL_870,FL_924